strain,length,country,year,lon,lat,date
AB434107,1701,Japan,2002,137.215474187347,35.5841761876056,2002/02/25
AB434108,1701,Japan,2002,137.215474187347,35.5841761876056,2002/03/01
CY000113,1762,USA,2002,-73.94,40.67,2002/01/29
CY000209,1760,USA,2002,-73.94,40.67,2002/01/17
CY000217,1760,USA,2002,-73.94,40.67,2002/02/26
CY000225,1760,USA,2002,-73.94,40.67,2002/01/22
CY000233,1762,USA,2002,-73.94,40.67,2002/01/31
CY000241,1762,USA,2002,-73.94,40.67,2002/02/26
CY000281,1760,USA,2002,-73.94,40.67,2002/03/01
CY000289,1741,USA,2002,-73.94,40.67,2002/01/18
CY000297,1711,USA,2002,-73.94,40.67,2002/01/18
CY000313,1732,USA,2002,-73.94,40.67,2002/02/12
CY000329,1741,USA,2002,-73.94,40.67,2002/02/06
CY000337,1760,USA,2002,-73.94,40.67,2002/02/14
CY000393,1711,USA,2002,-73.94,40.67,2002/01/08
CY000401,1711,USA,2002,-73.94,40.67,2002/01/12
CY000409,1711,USA,2002,-73.94,40.67,2002/02/06
CY000417,1711,USA,2002,-73.94,40.67,2002/01/25
CY000425,1760,USA,2002,-73.94,40.67,2002/01/25
CY000433,1760,USA,2002,-73.94,40.67,2002/01/27
CY000441,1760,USA,2002,-73.94,40.67,2002/01/04
CY000489,1760,USA,2002,-73.94,40.67,2002/01/20
CY000497,1760,USA,2002,-73.94,40.67,2002/01/31
CY000529,1760,USA,2002,-73.94,40.67,2002/01/30
CY000537,1761,USA,2002,-73.94,40.67,2002/03/05
CY000545,1741,USA,2002,-73.94,40.67,2002/02/07
CY000553,1741,USA,2002,-73.94,40.67,2002/01/30
CY000585,1762,USA,2002,-73.94,40.67,2002/03/11
CY000625,1718,USA,2002,-73.94,40.67,2002/02/19
CY000793,1762,USA,2002,-73.94,40.67,2002/02/01
CY000925,1711,USA,2002,-73.94,40.67,2002/02/19
CY000933,1743,USA,2002,-73.94,40.67,2002/02/04
CY000941,1762,USA,2002,-73.94,40.67,2002/01/29
CY001072,1733,USA,2002,-73.94,40.67,2002/02/26
CY001080,1762,USA,2002,-73.94,40.67,2002/01/23
CY001104,1711,USA,2002,-73.94,40.67,2002/02/04
CY001128,1711,USA,2002,-73.94,40.67,2002/02/05
CY001144,1730,USA,2002,-73.94,40.67,2002/01/16
CY001152,1741,USA,2002,-73.94,40.67,2002/01/19
CY001184,1711,USA,2002,-73.94,40.67,2002/01/17
CY001197,1741,USA,2002,-73.94,40.67,2002/03/21
CY001237,1711,USA,2002,-73.94,40.67,2002/03/19
CY001261,1711,USA,2002,-73.94,40.67,2002/02/19
CY001301,1736,USA,2002,-73.94,40.67,2002/02/12
CY001309,1719,USA,2002,-73.94,40.67,2002/02/13
CY001317,1759,USA,2002,-73.94,40.67,2002/01/23
CY001325,1741,USA,2002,-73.94,40.67,2002/01/29
CY001333,1754,USA,2002,-73.94,40.67,2002/01/30
CY001429,1711,USA,2002,-73.94,40.67,2002/01/11
CY001437,1718,USA,2002,-73.94,40.67,2002/01/14
CY001728,1760,USA,2002,-73.94,40.67,2002/02/26
CY001736,1760,USA,2002,-73.94,40.67,2002/03/07
CY001944,1714,USA,2002,-73.94,40.67,2002/03/01
CY002128,1741,USA,2002,-73.94,40.67,2002/01/04
CY003096,1760,USA,2002,-73.94,40.67,2002/01/04
CY003104,1761,USA,2002,-73.94,40.67,2002/01/05
CY003112,1750,USA,2002,-73.94,40.67,2002/01/07
CY003120,1762,USA,2002,-73.94,40.67,2002/01/08
CY003136,1762,USA,2002,-73.94,40.67,2002/01/14
CY003144,1761,USA,2002,-73.94,40.67,2002/01/15
CY003152,1749,USA,2002,-73.94,40.67,2002/01/22
CY003160,1741,USA,2002,-73.94,40.67,2002/02/01
CY003168,1750,USA,2002,-73.94,40.67,2002/02/08
CY003176,1751,USA,2002,-73.94,40.67,2002/02/12
CY003184,1737,USA,2002,-73.94,40.67,2002/02/22
CY003192,1760,USA,2002,-73.94,40.67,2002/02/28
CY003200,1762,USA,2002,-73.94,40.67,2002/01/16
CY003208,1737,USA,2002,-73.94,40.67,2002/01/18
CY003424,1750,USA,2002,-73.94,40.67,2002/01/08
CY003777,1762,USA,2002,-73.94,40.67,2002/01/28
CY013805,1724,USA,2002,-73.94,40.67,2002/02/01
DQ167252,984,Finland,2002,24.9257182762545,61.7429917907309,2002/12
DQ167253,984,Finland,2002,24.9257182762545,61.7429917907309,2002/12
DQ167255,984,Finland,2002,24.9257182762545,61.7429917907309,2002/12
DQ167256,984,Finland,2002,24.9257182762545,61.7429917907309,2002/12
DQ167257,984,Finland,2002,24.9257182762545,61.7429917907309,2002/12
DQ167258,984,Finland,2002,24.9257182762545,61.7429917907309,2002/12
DQ865966,987,China,2002,115.751455877455,33.8178483868483,2002/08/11
EF456797,987,Japan,2002,137.215474187347,35.5841761876056,2002/12/25
EF467827,987,Japan,2002,137.215474187347,35.5841761876056,2002/11/26
EF473481,1033,South Korea,2002,127.515099340408,36.639213467055,2002/12/02
EF541397,1042,China,2002,115.751455877455,33.8178483868483,2002/08/11
EF670487,1144,Norway,2002,9.85276744477849,60.9600065235272,2002/01/17
EU501145,987,South Korea,2002,127.515099340408,36.639213467055,2002/11/29
EU501146,987,South Korea,2002,127.515099340408,36.639213467055,2002/11/20
EU501147,987,South Korea,2002,127.515099340408,36.639213467055,22/11/26
EU501149,987,South Korea,2002,127.515099340408,36.639213467055,2002/11/27
EU501153,987,China,2002,115.751455877455,33.8178483868483,2002/08/11
EU501154,987,Japan,2002,137.215474187347,35.5841761876056,2002/02/23
EU501155,987,South Korea,2002,127.515099340408,36.639213467055,2002/11/14
EU501156,987,Japan,2002,137.215474187347,35.5841761876056,2002/11/26
EU501157,987,Japan,2002,137.215474187347,35.5841761876056,2002/12/25
EU501158,987,South Korea,2002,127.515099340408,36.639213467055,2002/10/31
EU501159,987,South Korea,2002,127.515099340408,36.639213467055,2002/11/18
EU501170,987,South Korea,2002,127.515099340408,36.639213467055,2002/11/20
EU501184,987,Taiwan,2002,120.967443330781,24.2464318735026,2002/09/25
EU502438,987,France,2002,2.81490078363661,47.2569278333929,2002/10/15
EU502458,987,Latvia,2002,24.2990199636907,56.8364272452475,2002/12/23
EU502483,987,France,2002,2.81490078363661,47.2569278333929,2002/12/01
EU502487,987,Netherlands,2002,5.2518493354918,52.0744708572984,2002/12/10
EU502521,987,Bulgaria,2002,24.9671822837829,42.7531244512163,2002/11/02
EU514616,987,China,2002,115.751455877455,33.8178483868483,2002/01/01
EU514617,987,USA,2002,-89.93,30.07,2002/01/01
EU514618,987,USA,2002,-97.51,35.47,2002/01/04
EU514619,987,USA,2002,-111.93,40.78,2002/01/05
EU514620,987,USA,2002,-95.39,29.77,2002/01/06
EU514621,987,China,2002,115.751455877455,33.8178483868483,2002/01/07
EU514622,987,USA,2002,-95.39,29.77,2002/01/08
EU514623,987,China,2002,115.751455877455,33.8178483868483,2002/01/08
EU514624,987,China,2002,115.751455877455,33.8178483868483,2002/01/10
EU514625,987,China,2002,115.751455877455,33.8178483868483,2002/01/10
EU514626,987,China,2002,115.751455877455,33.8178483868483,2002/01/17
EU514628,987,USA,2002,-73.94,40.67,2002/01/23
EU514629,987,USA,2002,-73.2,41.19,2002/01/25
EU514630,987,USA,2002,-92.35,34.72,2002/01/28
EU514631,987,USA,2002,-71.02,42.34,2002/02/01
EU514632,987,USA,2002,-73.94,40.67,2002/02/04
EU514633,987,USA,2002,-73.94,40.67,2002/02/04
EU514634,987,USA,2002,-80.83,35.2,2002/02/21
EU514635,987,USA,2002,-87.68,41.84,2002/02/24
EU514636,987,USA,2002,-73.94,40.67,2002/02/25
EU514637,987,USA,2002,-73.94,40.67,2002/02/26
EU514638,987,USA,2002,-73.94,40.67,2002/02/27
EU514643,987,USA,2002,-77.02,38.91,2002/04/03
EU514645,987,USA,2002,-96.01,41.26,2002/04/17
EU514648,987,China,2002,115.751455877455,33.8178483868483,2002/05/14
EU514651,987,China,2002,115.751455877455,33.8178483868483,2002/06/15
EU514655,987,China,2002,115.751455877455,33.8178483868483,2002/07/23
EU514660,987,China,2002,115.751455877455,33.8178483868483,2002/08/20
EU514663,987,USA,2002,-73.94,40.67,2002/11/01
EU514664,987,Bulgaria,2002,24.9671822837829,42.7531244512163,2002/11/02
EU514665,987,USA,2002,-74.76,40.22,2002/11/04
EU514666,987,China,2002,115.751455877455,33.8178483868483,2002/11/21
EU514668,987,South Korea,2002,127.515099340408,36.639213467055,2002/11/26
EU514669,987,China,2002,115.751455877455,33.8178483868483,2002/12/01
EU514670,987,USA,2002,-149.19,61.18,2002/12/02
EU514671,987,South Korea,2002,127.515099340408,36.639213467055,2002/12/02
EU514673,987,Japan,2002,137.215474187347,35.5841761876056,2002/12/09
EU514674,987,Taiwan,2002,120.967443330781,24.2464318735026,2002/12/09
EU514675,987,Turkey,2002,32.857069524008,39.3701909021964,2002/12/13
EU514676,987,Taiwan,2002,120.967443330781,24.2464318735026,2002/12/15
EU514678,987,China,2002,115.751455877455,33.8178483868483,2002/12/20
EU514682,987,USA,2002,-80.83,35.2,2002/12/29
AM502715,987,United Kingdom,2003,-1.57365367314527,52.6614255312049,2003/04
AM502716,987,United Kingdom,2003,-1.57365367314527,52.6614255312049,2003/04
AM502717,987,United Kingdom,2003,-1.57365367314527,52.6614255312049,2003/04
AM502718,987,United Kingdom,2003,-1.57365367314527,52.6614255312049,2003/04
AM502719,987,United Kingdom,2003,-1.57365367314527,52.6614255312049,2003/04
AM502720,987,United Kingdom,2003,-1.57365367314527,52.6614255312049,2003/04
AM502721,987,United Kingdom,2003,-1.57365367314527,52.6614255312049,2003/04
AM502722,987,United Kingdom,2003,-1.57365367314527,52.6614255312049,2003/04
AM502723,987,United Kingdom,2003,-1.57365367314527,52.6614255312049,2003/04
AM502724,987,United Kingdom,2003,-1.57365367314527,52.6614255312049,2003/04
AM502725,987,United Kingdom,2003,-1.57365367314527,52.6614255312049,2003/04
AM502726,987,United Kingdom,2003,-1.57365367314527,52.6614255312049,2003/04
AM502727,987,United Kingdom,2003,-1.57365367314527,52.6614255312049,2003/04
AM502728,987,United Kingdom,2003,-1.57365367314527,52.6614255312049,2003/04
AM502729,987,United Kingdom,2003,-1.57365367314527,52.6614255312049,2003/04
AM502730,987,United Kingdom,2003,-1.57365367314527,52.6614255312049,2003/04
AM502731,987,United Kingdom,2003,-1.57365367314527,52.6614255312049,2003/04
AM502732,987,United Kingdom,2003,-1.57365367314527,52.6614255312049,2003/04
AM502733,987,United Kingdom,2003,-1.57365367314527,52.6614255312049,2003/04
AM502734,987,United Kingdom,2003,-1.57365367314527,52.6614255312049,2003/04
AM502735,987,United Kingdom,2003,-1.57365367314527,52.6614255312049,2003/04
AM502736,987,United Kingdom,2003,-1.57365367314527,52.6614255312049,2003/04
AM502737,987,United Kingdom,2003,-1.57365367314527,52.6614255312049,2003/04
AM502738,987,United Kingdom,2003,-1.57365367314527,52.6614255312049,2003/04
AM502739,987,United Kingdom,2003,-1.57365367314527,52.6614255312049,2003/04
AM502741,987,United Kingdom,2003,-1.57365367314527,52.6614255312049,2003/04
AM502742,987,United Kingdom,2003,-1.57365367314527,52.6614255312049,2003/04
AM502744,987,United Kingdom,2003,-1.57365367314527,52.6614255312049,2003/04
AM502745,987,United Kingdom,2003,-1.57365367314527,52.6614255312049,2003/04
AM502746,987,United Kingdom,2003,-1.57365367314527,52.6614255312049,2003/04
AM502747,987,United Kingdom,2003,-1.57365367314527,52.6614255312049,2003/04
AM502748,987,United Kingdom,2003,-1.57365367314527,52.6614255312049,2003/04
AY531033,1701,USA,2003,-85.7,42.89,2003/09
AY531039,1701,Denmark,2003,11.0877098344176,55.8347635503797,2003/09
AY531040,1701,Denmark,2003,11.0877098344176,55.8347635503797,2003/09
AY531041,1701,Denmark,2003,11.0877098344176,55.8347635503797,2003/09
AY531042,1701,Denmark,2003,11.0877098344176,55.8347635503797,2003/09
AY531043,1701,Denmark,2003,11.0877098344176,55.8347635503797,2003/09
AY531044,1701,Denmark,2003,11.0877098344176,55.8347635503797,2003/09
AY531045,1701,Denmark,2003,11.0877098344176,55.8347635503797,2003/09
AY531046,1701,Denmark,2003,11.0877098344176,55.8347635503797,2003/09
AY531047,1701,Denmark,2003,11.0877098344176,55.8347635503797,2003/09
AY531048,1701,Denmark,2003,11.0877098344176,55.8347635503797,2003/09
AY531049,1701,Denmark,2003,11.0877098344176,55.8347635503797,2003/09
AY531050,1701,Denmark,2003,11.0877098344176,55.8347635503797,2003/09
AY531051,1701,Denmark,2003,11.0877098344176,55.8347635503797,2003/09
AY531052,1701,Denmark,2003,11.0877098344176,55.8347635503797,2003/09
AY531053,1701,Denmark,2003,11.0877098344176,55.8347635503797,2003/09
AY531054,1701,Denmark,2003,11.0877098344176,55.8347635503797,2003/09
AY531055,1701,Denmark,2003,11.0877098344176,55.8347635503797,2003/09
AY531056,1701,Denmark,2003,11.0877098344176,55.8347635503797,2003/09
AY531057,1701,Denmark,2003,11.0877098344176,55.8347635503797,2003/09
AY531058,1701,Denmark,2003,11.0877098344176,55.8347635503797,2003/09
AY531059,1701,Denmark,2003,11.0877098344176,55.8347635503797,2003/09
AY531060,1701,Denmark,2003,11.0877098344176,55.8347635503797,2003/09
AY531061,1701,Denmark,2003,11.0877098344176,55.8347635503797,2003/09
AY695084,987,China,2003,115.751455877455,33.8178483868483,2003/02
AY695085,987,China,2003,115.751455877455,33.8178483868483,2003/02
AY695086,987,China,2003,115.751455877455,33.8178483868483,2003/02
AY695087,987,China,2003,115.751455877455,33.8178483868483,2003/02
AY695088,987,China,2003,115.751455877455,33.8178483868483,2003/02
AY695089,987,China,2003,115.751455877455,33.8178483868483,2003/02
AY695090,987,China,2003,115.751455877455,33.8178483868483,2003/02
AY714347,987,China,2003,115.751455877455,33.8178483868483,2003/02
CY000001,1762,USA,2003,-73.94,40.67,2003/12/20
CY000009,1760,USA,2003,-73.94,40.67,2003/11/19
CY000017,1757,USA,2003,-73.94,40.67,2003/12/02
CY000025,1760,USA,2003,-73.94,40.67,2003/11/29
CY000041,1741,USA,2003,-73.94,40.67,2003/12/03
CY000049,1711,USA,2003,-73.94,40.67,2003/12/04
CY000057,1760,USA,2003,-73.94,40.67,2003/12/10
CY000065,1762,USA,2003,-73.94,40.67,2003/12/09
CY000073,1760,USA,2003,-73.94,40.67,2003/12/12
CY000081,1760,USA,2003,-73.94,40.67,2003/12/09
CY000089,1761,USA,2003,-73.94,40.67,2003/12/08
CY000097,1762,USA,2003,-73.94,40.67,2003/12/10
CY000105,1741,USA,2003,-73.94,40.67,2003/12/15
CY000121,1760,USA,2003,-73.94,40.67,2003/12/13
CY000129,1760,USA,2003,-73.94,40.67,2003/11/11
CY000137,1762,USA,2003,-73.94,40.67,2003/12/02
CY000145,1760,USA,2003,-73.94,40.67,2003/12/04
CY000153,1760,USA,2003,-73.94,40.67,2003/12/08
CY000161,1762,USA,2003,-73.94,40.67,2003/12/08
CY000169,1760,USA,2003,-73.94,40.67,2003/12/10
CY000177,1762,USA,2003,-73.94,40.67,2003/12/08
CY000193,1760,USA,2003,-73.94,40.67,2003/12/16
CY000249,1741,USA,2003,-73.94,40.67,2003/12/18
CY000265,1762,USA,2003,-73.94,40.67,2003/12/11
CY000345,1762,USA,2003,-73.94,40.67,2003/11/12
CY000353,1760,USA,2003,-73.94,40.67,2003/11/26
CY000361,1762,USA,2003,-73.94,40.67,2003/12/02
CY000377,1761,USA,2003,-73.94,40.67,2003/12/18
CY000473,1741,USA,2003,-73.94,40.67,2003/10/27
CY000505,1760,USA,2003,-73.94,40.67,2003/12/08
CY000513,1760,USA,2003,-73.94,40.67,2003/10/31
CY000521,1711,USA,2003,-73.94,40.67,2003/12/12
CY000753,1760,USA,2003,-73.94,40.67,2003/02/04
CY000769,1706,USA,2003,-73.94,40.67,2003/12/16
CY000777,1760,USA,2003,-73.94,40.67,2003/12/21
CY000785,1741,USA,2003,-73.94,40.67,2003/12/09
CY000865,1743,USA,2003,-73.94,40.67,2003/02/19
CY000873,1732,USA,2003,-73.94,40.67,2003/02/05
CY000881,1733,USA,2003,-73.94,40.67,2003/12/10
CY000901,1762,USA,2003,-73.94,40.67,2003/11/12
CY000909,1760,USA,2003,-73.94,40.67,2003/12/03
CY000917,1711,USA,2003,-73.94,40.67,2003/12/19
CY000949,1738,USA,2003,-73.94,40.67,2003/12/10
CY000957,1741,USA,2003,-73.94,40.67,2003/12/16
CY000965,1760,USA,2003,-73.94,40.67,2003/12/26
CY000973,1741,USA,2003,-73.94,40.67,2003/12/29
CY001013,1760,USA,2003,-73.94,40.67,2003/03/08
CY001021,1760,USA,2003,-73.94,40.67,2003/10/28
CY001037,1741,USA,2003,-73.94,40.67,2003/10/31
CY001045,1760,USA,2003,-73.94,40.67,2003/12/29
CY001053,1741,USA,2003,-73.94,40.67,2003/11/16
CY001061,1741,USA,2003,-73.94,40.67,2003/12/01
CY001064,1762,USA,2003,-73.94,40.67,2003/12/10
CY001088,1733,USA,2003,-73.94,40.67,2003/12/01
CY001096,1711,USA,2003,-73.94,40.67,2003/12/04
CY001112,1760,USA,2003,-73.94,40.67,2003/10/28
CY001160,1718,USA,2003,-73.94,40.67,2003/04/05
CY001205,1711,USA,2003,-73.94,40.67,2003/12/16
CY001213,1760,USA,2003,-73.94,40.67,2003/12/29
CY001221,1741,USA,2003,-73.94,40.67,2003/12/29
CY001253,1711,USA,2003,-73.94,40.67,2003/03/21
CY001285,1750,USA,2003,-73.94,40.67,2003/10/31
CY001293,1732,USA,2003,-73.94,40.67,2003/12/04
CY001341,1716,USA,2003,-73.94,40.67,2003/12/23
CY001373,1710,USA,2003,-73.94,40.67,2003/04/10
CY001405,1761,USA,2003,-73.94,40.67,2003/04/22
CY001421,1718,USA,2003,-73.94,40.67,2003/12/01
CY001461,1711,USA,2003,-73.94,40.67,2003/02/18
CY001469,1718,USA,2003,-73.94,40.67,2003/05/07
CY001512,1760,USA,2003,-73.94,40.67,2003/12/16
CY001536,1711,USA,2003,-73.94,40.67,2003/02/19
CY001544,1718,USA,2003,-73.94,40.67,2003/03/14
CY001552,1711,USA,2003,-73.94,40.67,2003/04/22
CY001560,1722,USA,2003,-73.94,40.67,2003/04/22
CY001624,1711,USA,2003,-73.94,40.67,2003/11/28
CY001632,1762,USA,2003,-73.94,40.67,2003/11/27
CY001640,1718,USA,2003,-73.94,40.67,2003/11/28
CY001648,1738,USA,2003,-73.94,40.67,2003/11/18
CY001712,1714,USA,2003,-73.94,40.67,2003/11/28
CY002344,1741,USA,2003,-73.94,40.67,2003/11/28
CY002520,1718,USA,2003,-73.94,40.67,2003/08/16
CY003680,1737,USA,2003,-73.94,40.67,2003/01/20
CY006859,1721,USA,2003,-73.94,40.67,2003/04/23
CY008876,1721,USA,2003,-73.94,40.67,2003/12/31
CY008884,1721,USA,2003,-73.94,40.67,2003/12/08
CY008892,1721,USA,2003,-73.94,40.67,2003/12/15
CY008900,1721,USA,2003,-73.94,40.67,2003/11/21
CY008916,1721,USA,2003,-73.94,40.67,2003/11/12
CY009244,1721,USA,2003,-73.94,40.67,2003/11/19
CY026043,987,Austria,2003,14.8327100265914,47.8396043830117,2003/12/21
CY026044,987,Austria,2003,14.8327100265914,47.8396043830117,2003/12/29
CY026114,987,Austria,2003,14.8327100265914,47.8396043830117,2003/02/06
CY026115,987,Austria,2003,14.8327100265914,47.8396043830117,2003/02/14
CY026116,987,Austria,2003,14.8327100265914,47.8396043830117,2003/02/17
CY026117,987,Austria,2003,14.8327100265914,47.8396043830117,2003/02/19
CY026118,987,Austria,2003,14.8327100265914,47.8396043830117,2003/02/24
CY026119,987,Austria,2003,14.8327100265914,47.8396043830117,2003/02/24
CY026120,987,Austria,2003,14.8327100265914,47.8396043830117,2003/02/25
CY026121,987,Austria,2003,14.8327100265914,47.8396043830117,2003/02/28
CY026122,987,Austria,2003,14.8327100265914,47.8396043830117,2003/03/03
CY026123,987,Austria,2003,14.8327100265914,47.8396043830117,2003/03/04
CY026124,987,Austria,2003,14.8327100265914,47.8396043830117,2003/03/04
CY026125,987,Austria,2003,14.8327100265914,47.8396043830117,2003/03/05
CY026126,987,Austria,2003,14.8327100265914,47.8396043830117,2003/03/06
CY026127,987,Austria,2003,14.8327100265914,47.8396043830117,2003/03/06
CY026128,987,Austria,2003,14.8327100265914,47.8396043830117,2003/03/07
CY026129,987,Austria,2003,14.8327100265914,47.8396043830117,2003/03/10
CY026130,987,Austria,2003,14.8327100265914,47.8396043830117,2003/03/10
CY026131,987,Austria,2003,14.8327100265914,47.8396043830117,2003/03/11
CY026132,987,Austria,2003,14.8327100265914,47.8396043830117,2003/03/11
CY026133,987,Austria,2003,14.8327100265914,47.8396043830117,2003/03/13
CY026134,987,Austria,2003,14.8327100265914,47.8396043830117,2003/03/18
CY026135,987,Austria,2003,14.8327100265914,47.8396043830117,2003/03/19
CY026136,987,Austria,2003,14.8327100265914,47.8396043830117,2003/03/20
CY026137,987,Austria,2003,14.8327100265914,47.8396043830117,2003/03/20
CY026138,987,Austria,2003,14.8327100265914,47.8396043830117,2003/03/31
DQ059385,1701,USA,2003,-97.51,35.47,2003/10
DQ167298,984,Finland,2003,24.9257182762545,61.7429917907309,2003/12
DQ227424,1655,Canada,2003,-88.0425788603422,46.6123146954127,2003/12
EF473609,1042,USA,2003,-85.7,42.89,2003/12/09
EF473611,1068,USA,2003,-80.83,35.2,2003/12/29
EF473612,1020,USA,2003,-80.83,35.2,2003/12/23
EF473613,1068,USA,2003,-73.94,40.67,2003/12/29
EF473614,1068,USA,2003,-112.07,33.54,2003/12/22
EF473616,1103,USA,2003,-96.01,41.26,2003/11/14
EF473617,1068,USA,2003,-122.66,45.54,2003/12/29
EF473620,1068,USA,2003,-76.04,36.74,2003/12/03
EF473621,1068,USA,2003,-96.01,41.26,2003/12/16
EF473623,1103,USA,2003,-105.95,35.68,2003/12/01
EF473624,1103,USA,2003,-76.04,36.74,2003/11/19
EF473627,1099,USA,2003,-96.01,41.26,2003/12/08
EF473629,1059,USA,2003,-96.01,41.26,2003/12/04
EF473632,1052,USA,2003,-80.83,35.2,2003/12/19
EF473633,1070,USA,2003,-80.83,35.2,2003/12/01
EF670520,1118,Norway,2003,9.85276744477849,60.9600065235272,2003/10/17
EU106671,984,Austria,2003,14.8327100265914,47.8396043830117,2003/02/13
EU106672,987,Austria,2003,14.8327100265914,47.8396043830117,2003/03/05
EU106673,987,Austria,2003,14.8327100265914,47.8396043830117,2003/02/19
EU501207,987,China,2003,115.751455877455,33.8178483868483,2003/12/05
EU501222,987,Japan,2003,137.215474187347,35.5841761876056,2003/12/23
EU501223,987,Japan,2003,137.215474187347,35.5841761876056,2003/02/12
EU501246,987,United Kingdom,2003,-1.57365367314527,52.6614255312049,2003/01/08
EU501247,987,Finland,2003,24.9257182762545,61.7429917907309,2003/01/14
EU501248,987,China,2003,115.751455877455,33.8178483868483,2003/08/05
EU501249,987,China,2003,115.751455877455,33.8178483868483,2003/05/21
EU501250,987,China,2003,115.751455877455,33.8178483868483,2003/07/12
EU501251,987,China,2003,115.751455877455,33.8178483868483,2003/08/24
EU501252,987,Japan,2003,137.215474187347,35.5841761876056,2003/12/03
EU501253,987,China,2003,115.751455877455,33.8178483868483,2003/11/28
EU501266,987,China,2003,115.751455877455,33.8178483868483,2003/04/15
EU501267,987,China,2003,115.751455877455,33.8178483868483,2003/05/20
EU501268,987,Japan,2003,137.215474187347,35.5841761876056,2003/12/15
EU501269,987,Japan,2003,137.215474187347,35.5841761876056,2003/01/30
EU501270,987,China,2003,115.751455877455,33.8178483868483,2003/02/02
EU501271,987,China,2003,115.751455877455,33.8178483868483,2003/02/12
EU501272,987,China,2003,115.751455877455,33.8178483868483,2003/02/16
EU501273,987,China,2003,115.751455877455,33.8178483868483,2003/02/18
EU501274,987,Japan,2003,137.215474187347,35.5841761876056,2003/12/18
EU501275,987,Russia,2003,135.12,48.42,2003/11/23
EU501276,987,South Korea,2003,127.515099340408,36.639213467055,2003/12/30
EU501277,987,France,2003,2.81490078363661,47.2569278333929,2003/12/18
EU501278,987,USA,2003,-89.93,30.07,2003/10/21
EU501286,987,USA,2003,-90.01,35.11,2003/01/16
EU501287,987,USA,2003,-90.01,35.11,2003/01/16
EU501288,987,USA,2003,-90.01,35.11,2003/01/21
EU501289,987,USA,2003,-90.01,35.11,2003/01/21
EU501290,987,USA,2003,-90.01,35.11,2003/12/03
EU501291,987,Russia,2003,37.62,55.75,2003/02/04
EU501292,987,Russia,2003,37.62,55.75,2003/12/08
EU501293,987,Russia,2003,37.62,55.75,2003/12/15
EU501294,987,Japan,2003,137.215474187347,35.5841761876056,2003/12/08
EU501300,987,Japan,2003,137.215474187347,35.5841761876056,2003/12/01
EU501313,987,Japan,2003,137.215474187347,35.5841761876056,2003/12/09
EU501314,987,Japan,2003,137.215474187347,35.5841761876056,2003/12/16
EU501315,987,China,2003,115.751455877455,33.8178483868483,2003/04/16
EU501316,987,Japan,2003,137.215474187347,35.5841761876056,2003/12/22
EU501322,987,Bulgaria,2003,24.9671822837829,42.7531244512163,2003/02/01
EU501334,987,Taiwan,2003,120.967443330781,24.2464318735026,2003/09/07
EU501336,987,USA,2003,-95.39,29.77,2003/10/02
EU501337,987,USA,2003,-95.39,29.77,2003/10/03
EU501338,987,China,2003,115.751455877455,33.8178483868483,2003/10/04
EU501339,987,China,2003,115.751455877455,33.8178483868483,2003/10/20
EU501340,987,Japan,2003,137.215474187347,35.5841761876056,2003/12/12
EU501343,987,United Kingdom,2003,-1.57365367314527,52.6614255312049,2003/03/08
EU501359,987,China,2003,115.751455877455,33.8178483868483,2003/06/30
EU501360,987,China,2003,115.751455877455,33.8178483868483,2003/06/30
EU501361,987,USA,2003,-85.7,42.89,2003/01/28
EU501362,987,USA,2003,-85.7,42.89,2003/02/13
EU501516,987,USA,2003,-97.51,35.47,2003/12/08
EU502113,987,USA,2003,-149.19,61.18,2003/07/22
EU502114,987,USA,2003,-149.19,61.18,2003/02/05
EU502115,987,USA,2003,-149.19,61.18,2003/02/12
EU502116,987,USA,2003,-149.19,61.18,2003/12/17
EU502117,987,USA,2003,-149.19,61.18,2003/04/07
EU502122,987,USA,2003,-92.35,34.72,2003/11/17
EU502123,987,USA,2003,-92.35,34.72,2003/10/16
EU502124,987,USA,2003,-112.07,33.54,2003/11/26
EU502125,987,USA,2003,-112.07,33.54,2003/03/11
EU502126,987,USA,2003,-112.07,33.54,2003/03/20
EU502128,987,USA,2003,-112.07,33.54,2003/11/10
EU502129,987,USA,2003,-112.07,33.54,2003/10/23
EU502130,987,USA,2003,-112.07,33.54,2003/10/23
EU502131,987,USA,2003,-112.07,33.54,2003/12/22
EU502137,987,USA,2003,-112.07,33.54,2003/03/01
EU502138,987,Bangladesh,2003,90.4113608365672,23.563298204673,2003/05/06
EU502172,987,USA,2003,-104.87,39.77,2003/11/03
EU502173,987,USA,2003,-73.2,41.19,2003/09/27
EU502174,987,USA,2003,-73.2,41.19,2003/09/11
EU502176,987,USA,2003,-73.2,41.19,2003/08/27
EU502177,987,USA,2003,-77.02,38.91,2003/08/22
EU502178,987,Egypt,2003,31.1850202016497,29.8814711383923,2003/01/14
EU502179,987,Egypt,2003,31.1850202016497,29.8814711383923,2003/01/23
EU502180,987,Egypt,2003,31.1850202016497,29.8814711383923,2003/03/03
EU502181,987,Egypt,2003,31.1850202016497,29.8814711383923,2003/11/15
EU502186,987,USA,2003,-80.21,25.78,2003/11/04
EU502187,987,USA,2003,-80.21,25.78,2003/11/06
EU502188,987,USA,2003,-84.42,33.76,2003/01/06
EU502189,987,USA,2003,-84.42,33.76,2003/12/15
EU502190,987,USA,2003,-84.42,33.76,2003/12/15
EU502198,987,USA,2003,-84.42,33.76,2003/11/03
EU502199,987,USA,2003,-84.42,33.76,2003/11/07
EU502200,987,Germany,2003,9.39399559832095,51.0431670108489,2003/12/18
EU502212,987,USA,2003,-93.62,41.58,2003/11/13
EU502213,987,USA,2003,-93.62,41.58,2003/11/17
EU502214,987,USA,2003,-116.23,43.61,2003/11/06
EU502221,987,USA,2003,-86.15,39.78,2003/12/17
EU502222,987,Italy,2003,12.2684654711387,42.6805108483621,2003/03/14
EU502223,987,Japan,2003,137.215474187347,35.5841761876056,2003/01/23
EU502239,987,USA,2003,-83.1,42.38,2003/03/22
EU502241,987,USA,2003,-83.1,42.38,2003/01/15
EU502243,987,USA,2003,-93.27,44.96,2003/02/25
EU502245,987,USA,2003,-90.24,38.64,2003/11/11
EU502266,987,USA,2003,-80.83,35.2,2003/12/23
EU502267,987,USA,2003,-80.83,35.2,2003/12/10
EU502268,987,USA,2003,-80.83,35.2,2003/12/19
EU502269,987,USA,2003,-80.83,35.2,2003/12/21
EU502270,987,USA,2003,-80.83,35.2,2003/12/29
EU502275,987,USA,2003,-96.01,41.26,2003/11/14
EU502276,987,USA,2003,-96.01,41.26,2003/12/04
EU502279,987,USA,2003,-96.01,41.26,2003/12/08
EU502281,987,USA,2003,-96.01,41.26,2003/12/16
EU502284,987,USA,2003,-96.01,41.26,2003/08/27
EU502285,987,USA,2003,-71.44,42.98,2003/08/07
EU502288,987,USA,2003,-74.76,40.22,2003/11/20
EU502293,987,USA,2003,-105.95,35.68,2003/12/01
EU502294,987,USA,2003,-105.95,35.68,2003/12/01
EU502299,987,USA,2003,-73.94,40.67,2003/03/14
EU502300,987,USA,2003,-73.94,40.67,2003/04/22
EU502301,987,USA,2003,-73.94,40.67,2003/08/16
EU502304,987,USA,2003,-73.94,40.67,2003/12/29
EU502315,987,USA,2003,-73.94,40.67,2003/02/12
EU502316,987,USA,2003,-73.94,40.67,2003/11/19
EU502318,987,USA,2003,-97.51,35.47,2003/10/24
EU502320,987,USA,2003,-122.66,45.54,2003/12/29
EU502332,987,Romania,2003,25.3839703900966,45.6622359242524,2003/12/21
EU502333,987,Romania,2003,25.3839703900966,45.6622359242524,2003/04/08
EU502338,987,USA,2003,-96.73,43.54,2003/05/12
EU502339,987,USA,2003,-96.73,43.54,2003/12/02
EU502348,987,Taiwan,2003,120.967443330781,24.2464318735026,2003/08/20
EU502349,987,Taiwan,2003,120.967443330781,24.2464318735026,2003/09/08
EU502352,987,USA,2003,-95.39,29.77,2003/12/01
EU502353,987,USA,2003,-95.39,29.77,2003/10/03
EU502354,987,USA,2003,-95.39,29.77,2003/10/03
EU502355,987,USA,2003,-95.39,29.77,2003/10/03
EU502356,987,USA,2003,-95.39,29.77,2003/10/03
EU502357,987,USA,2003,-95.39,29.77,2003/10/03
EU502358,987,USA,2003,-95.39,29.77,2003/10/03
EU502359,987,USA,2003,-95.39,29.77,2003/10/03
EU502360,987,USA,2003,-95.39,29.77,2003/10/03
EU502361,987,USA,2003,-95.39,29.77,2003/06/18
EU502362,987,USA,2003,-95.39,29.77,2003/09/20
EU502363,987,USA,2003,-95.39,29.77,2003/09/22
EU502364,987,USA,2003,-95.39,29.77,2003/09/24
EU502365,987,USA,2003,-95.39,29.77,2003/09/28
EU502366,987,USA,2003,-95.39,29.77,2003/09/28
EU502367,987,USA,2003,-95.39,29.77,2003/10/27
EU502368,987,USA,2003,-95.39,29.77,2003/04/23
EU502369,987,USA,2003,-95.39,29.77,2003/09/29
EU502370,987,USA,2003,-95.39,29.77,2003/10/13
EU502371,987,USA,2003,-95.39,29.77,2003/11/05
EU502380,987,Ukraine,2003,32.5143767708591,48.7327230909637,2003/12/12
EU502382,987,USA,2003,-111.93,40.78,2003/11/13
EU502390,987,USA,2003,-76.04,36.74,2003/12/03
EU502393,987,USA,2003,-76.04,36.74,2003/11/06
EU502395,987,USA,2003,-76.04,36.74,2003/11/19
EU502398,987,USA,2003,-79.45,36.08,2003/12/19
EU502399,987,USA,2003,-79.45,36.08,2003/12/22
EU502402,987,USA,2003,-77.02,38.91,2003/05/06
EU502403,987,USA,2003,-77.02,38.91,2003/01/08
EU502405,987,USA,2003,-87.97,43.06,2003/04/02
EU502406,987,USA,2003,-87.97,43.06,2003/12/16
EU502407,987,USA,2003,-87.97,43.06,2003/04/29
EU502422,987,USA,2003,-82.43,38.41,2003/02/11
EU502423,987,USA,2003,-82.43,38.41,2003/11/05
EU502435,987,USA,2003,-85.7,42.89,2003/02/13
EU502436,987,USA,2003,-85.7,42.89,2003/12/02
EU502437,987,USA,2003,-85.7,42.89,2003/12/09
EU502461,987,Czech Republic,2003,15.6098143378613,49.8515062925433,2003/02/02
EU502462,987,Germany,2003,9.39399559832095,51.0431670108489,2003/01/14
EU502463,987,Greece,2003,23.3945943951738,38.6896601942952,2003/03/21
EU502464,987,Norway,2003,9.85276744477849,60.9600065235272,2003/04/13
EU502465,987,Latvia,2003,24.2990199636907,56.8364272452475,2003/02/10
EU502467,987,Latvia,2003,24.2990199636907,56.8364272452475,2003/03/05
EU502468,987,Iceland,2003,-21.2859979826134,64.3721460930065,2003/03/19
EU502469,987,Denmark,2003,11.0877098344176,55.8347635503797,2003/01/17
EU502470,987,Italy,2003,12.2684654711387,42.6805108483621,2003/03/02
EU502478,987,Germany,2003,9.39399559832095,51.0431670108489,2003/02/17
EU502480,987,Germany,2003,9.39399559832095,51.0431670108489,2003/03/07
EU502485,987,Germany,2003,9.39399559832095,51.0431670108489,2003/02/27
EU502488,987,Italy,2003,12.2684654711387,42.6805108483621,2003/03/02
EU502489,987,Ireland,2003,-7.08915696412235,53.105643572288,2003/01/24
EU502490,987,France,2003,2.81490078363661,47.2569278333929,2003/02/05
EU502492,987,Denmark,2003,11.0877098344176,55.8347635503797,2003/03/07
EU502494,987,Ireland,2003,-7.08915696412235,53.105643572288,2003/09/04
EU502497,987,Ireland,2003,-7.08915696412235,53.105643572288,2003/09/16
EU502498,987,Sweden,2003,15.768795481182,58.8116566154526,2003/10/20
AM502743,987,United Kingdom,2004,-1.57365367314527,52.6614255312049,2003/04
AY945263,1000,Nepal,2004,84.837908027285,27.5806936674758,2004/09
AY945264,1000,Nepal,2004,84.837908027285,27.5806936674758,2004/09
AY945265,1000,Nepal,2004,84.837908027285,27.5806936674758,2004/09
AY945266,1000,Nepal,2004,84.837908027285,27.5806936674758,2004/09
AY945267,1000,Nepal,2004,84.837908027285,27.5806936674758,2004/09
AY945268,1000,Nepal,2004,84.837908027285,27.5806936674758,2004/09
AY945269,1000,Nepal,2004,84.837908027285,27.5806936674758,2004/09
AY945270,1000,Nepal,2004,84.837908027285,27.5806936674758,2004/09
AY945271,1000,Nepal,2004,84.837908027285,27.5806936674758,2004/09
AY945272,1000,Nepal,2004,84.837908027285,27.5806936674758,2004/09
AY945273,1000,Nepal,2004,84.837908027285,27.5806936674758,2004/09
AY945274,1000,Nepal,2004,84.837908027285,27.5806936674758,2004/09
AY945275,1000,Nepal,2004,84.837908027285,27.5806936674758,2004/09
AY945276,1000,Nepal,2004,84.837908027285,27.5806936674758,2004/09
AY945277,1000,Nepal,2004,84.837908027285,27.5806936674758,2004/09
AY945278,1000,Nepal,2004,84.837908027285,27.5806936674758,2004/09
AY945279,1000,Nepal,2004,84.837908027285,27.5806936674758,2004/09
AY945280,1000,Nepal,2004,84.837908027285,27.5806936674758,2004/09
AY945281,1000,Nepal,2004,84.837908027285,27.5806936674758,2004/09
AY945282,1000,Nepal,2004,84.837908027285,27.5806936674758,2004/09
AY945283,1000,Nepal,2004,84.837908027285,27.5806936674758,2004/09
AY945284,1000,Nepal,2004,84.837908027285,27.5806936674758,2004/09
AY945285,1000,Nepal,2004,84.837908027285,27.5806936674758,2004/09
AY945286,1000,Nepal,2004,84.837908027285,27.5806936674758,2004/09
AY945287,1000,Nepal,2004,84.837908027285,27.5806936674758,2004/09
AY945288,1000,Nepal,2004,84.837908027285,27.5806936674758,2004/09
CY000033,1760,USA,2004,-73.94,40.67,2004/01/09
CY000257,1762,USA,2004,-73.94,40.67,2004/02/05
CY000369,1756,USA,2004,-73.94,40.67,2004/01/05
CY000561,1711,USA,2004,-73.94,40.67,2004/01/06
CY000761,1760,USA,2004,-73.94,40.67,2004/01/30
CY000889,1761,USA,2004,-73.94,40.67,2004/01/06
CY001029,1741,USA,2004,-73.94,40.67,2004/01/06
CY001229,1760,USA,2004,-73.94,40.67,2004/01/06
CY002024,1762,USA,2004,-73.94,40.67,2004/11/30
CY002040,1761,USA,2004,-73.94,40.67,2004/12/22
CY002048,1760,USA,2004,-73.94,40.67,2004/12/27
CY002064,1762,USA,2004,-73.94,40.67,2004/12/21
CY002080,1710,USA,2004,-73.94,40.67,2004/12/24
CY002176,1761,USA,2004,-73.94,40.67,2004/12/01
CY002192,1762,USA,2004,-73.94,40.67,2004/12/20
CY002208,1761,USA,2004,-73.94,40.67,2004/12/20
CY002216,1761,USA,2004,-73.94,40.67,2004/12/09
CY002224,1761,USA,2004,-73.94,40.67,2004/12/22
CY002232,1761,USA,2004,-73.94,40.67,2004/12/27
CY002248,1731,USA,2004,-73.94,40.67,2004/12/28
CY002256,1733,USA,2004,-73.94,40.67,2004/12/29
CY002280,1718,USA,2004,-73.94,40.67,2004/11/04
CY002288,1727,USA,2004,-73.94,40.67,2004/12/09
CY002408,1741,USA,2004,-73.94,40.67,2004/12/21
CY002416,1760,USA,2004,-73.94,40.67,2004/11/05
CY002424,1741,USA,2004,-73.94,40.67,2004/11/18
CY002432,1736,USA,2004,-73.94,40.67,2004/12/08
CY002440,1731,USA,2004,-73.94,40.67,2004/12/16
CY002472,1709,USA,2004,-73.94,40.67,2004/12/28
CY002504,1709,USA,2004,-73.94,40.67,2004/12/07
CY002584,1731,USA,2004,-73.94,40.67,2004/12/01
CY002592,1762,USA,2004,-73.94,40.67,2004/12/20
CY002600,1760,USA,2004,-73.94,40.67,2004/12/26
CY002608,1703,USA,2004,-73.94,40.67,2004/11/11
CY002712,1737,USA,2004,-73.94,40.67,2004/11/08
CY002728,1728,USA,2004,-73.94,40.67,2004/12/15
CY002760,1737,USA,2004,-73.94,40.67,2004/11/06
CY002768,1711,USA,2004,-73.94,40.67,2004/11/22
CY002784,1711,USA,2004,-73.94,40.67,2004/12/09
CY003032,1741,USA,2004,-73.94,40.67,2004/11/06
CY003040,1747,USA,2004,-73.94,40.67,2004/12/28
CY003072,1737,USA,2004,-73.94,40.67,2004/12/16
CY003336,1711,USA,2004,-73.94,40.67,2004/12/28
CY003408,1704,USA,2004,-73.94,40.67,2004/12/27
CY003416,1721,USA,2004,-73.94,40.67,2004/12/16
CY003656,1737,USA,2004,-73.94,40.67,2004/09/17
CY003664,1747,USA,2004,-73.94,40.67,2004/11/08
CY006092,1727,USA,2004,-73.94,40.67,2004/09/27
CY006115,1748,USA,2004,-73.94,40.67,2004/11/01
CY006179,1748,USA,2004,-73.94,40.67,2004/09/20
CY006371,1760,USA,2004,-73.94,40.67,2004/11/27
CY006379,1747,USA,2004,-73.94,40.67,2004/09/17
CY006435,1721,USA,2004,-73.94,40.67,2004/11/11
CY007643,1720,USA,2004,-73.94,40.67,2004/11/18
CY008164,1747,USA,2004,-73.94,40.67,2004/09/27
CY008516,1737,USA,2004,-73.94,40.67,2004/10/19
CY008908,1721,USA,2004,-73.94,40.67,2004/01/13
CY009252,1721,USA,2004,-73.94,40.67,2004/01/12
CY009260,1721,USA,2004,-73.94,40.67,2004/01/15
CY009268,1721,USA,2004,-73.94,40.67,2004/12/10
CY019141,1724,USA,2004,-73.94,40.67,2004/12/22
CY019149,1722,USA,2004,-73.94,40.67,2004/12/22
CY019157,1722,USA,2004,-73.94,40.67,2004/12/22
CY019165,1719,USA,2004,-73.94,40.67,2004/12/22
CY019173,1719,USA,2004,-73.94,40.67,2004/12/27
CY019181,1721,USA,2004,-73.94,40.67,2004/12/27
CY019245,1719,USA,2004,-73.94,40.67,2004/12/27
CY019253,1715,USA,2004,-73.94,40.67,2004/12/27
CY019261,1714,USA,2004,-73.94,40.67,2004/12/27
CY019811,1721,USA,2004,-73.94,40.67,2004/12/22
CY019819,1719,USA,2004,-73.94,40.67,2004/12/27
CY021989,1721,USA,2004,-73.94,40.67,2004/12/27
CY026045,987,Austria,2004,14.8327100265914,47.8396043830117,2004/01/02
CY026046,987,Austria,2004,14.8327100265914,47.8396043830117,2004/01/09
CY026047,987,Austria,2004,14.8327100265914,47.8396043830117,2004/01/12
CY026048,987,Austria,2004,14.8327100265914,47.8396043830117,2004/01/13
CY026049,987,Austria,2004,14.8327100265914,47.8396043830117,2004/01/14
CY026050,987,Austria,2004,14.8327100265914,47.8396043830117,2004/01/19
CY026051,987,Austria,2004,14.8327100265914,47.8396043830117,2004/01/19
CY026052,987,Austria,2004,14.8327100265914,47.8396043830117,2004/01/19
CY026053,987,Austria,2004,14.8327100265914,47.8396043830117,2004/01/19
CY026054,987,Austria,2004,14.8327100265914,47.8396043830117,2004/01/20
CY026055,987,Austria,2004,14.8327100265914,47.8396043830117,2004/01/21
CY026056,987,Austria,2004,14.8327100265914,47.8396043830117,2004/01/22
CY026057,987,Austria,2004,14.8327100265914,47.8396043830117,2004/01/22
CY026058,987,Austria,2004,14.8327100265914,47.8396043830117,2004/01/22
CY026059,987,Austria,2004,14.8327100265914,47.8396043830117,2004/01/26
CY026060,987,Austria,2004,14.8327100265914,47.8396043830117,2004/01/26
CY026061,987,Austria,2004,14.8327100265914,47.8396043830117,2004/01/26
CY026062,987,Austria,2004,14.8327100265914,47.8396043830117,2004/01/26
CY026063,987,Austria,2004,14.8327100265914,47.8396043830117,2004/01/27
CY026064,987,Austria,2004,14.8327100265914,47.8396043830117,2004/01/27
CY026065,987,Austria,2004,14.8327100265914,47.8396043830117,2004/02/02
CY026066,987,Austria,2004,14.8327100265914,47.8396043830117,2004/02/02
CY026067,987,Austria,2004,14.8327100265914,47.8396043830117,2004/02/04
CY026068,987,Austria,2004,14.8327100265914,47.8396043830117,2004/02/08
CY026069,987,Austria,2004,14.8327100265914,47.8396043830117,2004/02/05
CY026070,987,Austria,2004,14.8327100265914,47.8396043830117,2004/02/04
CY026071,987,Austria,2004,14.8327100265914,47.8396043830117,2004/02/05
CY026072,987,Austria,2004,14.8327100265914,47.8396043830117,2004/02/06
CY026073,987,Austria,2004,14.8327100265914,47.8396043830117,2004/02/06
CY026074,987,Austria,2004,14.8327100265914,47.8396043830117,2004/02/06
CY026075,987,Austria,2004,14.8327100265914,47.8396043830117,2004/02/10
CY026076,987,Austria,2004,14.8327100265914,47.8396043830117,2004/02/10
CY026077,987,Austria,2004,14.8327100265914,47.8396043830117,2004/02/12
CY026078,987,Austria,2004,14.8327100265914,47.8396043830117,2004/02/18
CY026079,987,Austria,2004,14.8327100265914,47.8396043830117,2004/02/23
CY026080,987,Austria,2004,14.8327100265914,47.8396043830117,2004/03/04
DQ167297,984,Finland,2004,24.9257182762545,61.7429917907309,2004/01
DQ167300,984,Finland,2004,24.9257182762545,61.7429917907309,2004/01
DQ167303,984,Finland,2004,24.9257182762545,61.7429917907309,2004/01
DQ167304,984,Finland,2004,24.9257182762545,61.7429917907309,2004/01
DQ167306,984,Finland,2004,24.9257182762545,61.7429917907309,2004/01
DQ167307,984,Finland,2004,24.9257182762545,61.7429917907309,2004/01
DQ883600,1722,Norway,2004,9.85276744477849,60.9600065235272,2004/12
DQ883603,1127,Norway,2004,9.85276744477849,60.9600065235272,2004/12
EF473618,1068,USA,2004,-73.94,40.67,2004/01/05
EF473619,1103,USA,2004,-73.94,40.67,2004/01/04
EF473622,1103,USA,2004,-112.07,33.54,2004/01/28
EF473625,1050,USA,2004,-73.94,40.67,2004/04/22
EF473626,1100,USA,2004,-87.97,43.06,2004/01/02
EF473628,1120,USA,2004,-87.97,43.06,2004/01/07
EF473630,1050,USA,2004,-76.61,39.3,2004/06/04
EF566153,1011,Taiwan,2004,120.967443330781,24.2464318735026,2004/05/12
EU106663,988,Austria,2004,14.8327100265914,47.8396043830117,2004/02/24
EU106664,987,Austria,2004,14.8327100265914,47.8396043830117,2004/02/11
EU106674,987,Austria,2004,14.8327100265914,47.8396043830117,2004/02/03
EU106675,987,Austria,2004,14.8327100265914,47.8396043830117,2004/02/25
EU501363,987,Japan,2004,137.215474187347,35.5841761876056,2004/06/16
EU501364,987,Japan,2004,137.215474187347,35.5841761876056,2004/08/13
EU501365,987,Japan,2004,137.215474187347,35.5841761876056,2004/01/05
EU501366,987,Japan,2004,137.215474187347,35.5841761876056,2004/02/02
EU501367,987,Japan,2004,137.215474187347,35.5841761876056,2004/02/25
EU501383,987,USA,2004,-118.41,34.11,2004/09/16
EU501384,987,Canada,2004,-88.0425788603422,46.6123146954127,2004/05/09
EU501386,987,South Korea,2004,127.515099340408,36.639213467055,2004/12/24
EU501387,987,Japan,2004,137.215474187347,35.5841761876056,2004/02/16
EU501388,987,Japan,2004,137.215474187347,35.5841761876056,2004/02/24
EU501389,987,Japan,2004,137.215474187347,35.5841761876056,2004/11/18
EU501390,987,Japan,2004,137.215474187347,35.5841761876056,2004/11/29
EU501398,987,South Korea,2004,127.515099340408,36.639213467055,2004/12/20
EU501401,987,Japan,2004,137.215474187347,35.5841761876056,2004/01/20
EU501402,987,Japan,2004,137.215474187347,35.5841761876056,2004/01/26
EU501404,987,Japan,2004,137.215474187347,35.5841761876056,2004/03/08
EU501405,987,Japan,2004,137.215474187347,35.5841761876056,2004/01/15
EU501406,987,Japan,2004,137.215474187347,35.5841761876056,2004/01/05
EU501407,987,Japan,2004,137.215474187347,35.5841761876056,2004/02/23
EU501408,987,China,2004,115.751455877455,33.8178483868483,2004/01/15
EU501409,987,Japan,2004,137.215474187347,35.5841761876056,2004/01/27
EU501412,987,Japan,2004,137.215474187347,35.5841761876056,2004/12/07
EU501413,987,Japan,2004,137.215474187347,35.5841761876056,2004/12/08
EU501414,987,Japan,2004,137.215474187347,35.5841761876056,2004/01/29
EU501415,987,Japan,2004,137.215474187347,35.5841761876056,2004/02/12
EU501416,987,Japan,2004,137.215474187347,35.5841761876056,2004/01/21
EU501417,987,Japan,2004,137.215474187347,35.5841761876056,2004/01/26
EU501418,987,Japan,2004,137.215474187347,35.5841761876056,2004/01/26
EU501419,987,Japan,2004,137.215474187347,35.5841761876056,2004/04/12
EU501423,987,China,2004,115.751455877455,33.8178483868483,2004/06/11
EU501424,987,China,2004,115.751455877455,33.8178483868483,2004/09/10
EU501425,987,China,2004,115.751455877455,33.8178483868483,2004/04/01
EU501426,987,China,2004,115.751455877455,33.8178483868483,2004/02/20
EU501427,987,China,2004,115.751455877455,33.8178483868483,2004/05/24
EU501428,987,China,2004,115.751455877455,33.8178483868483,2004/09/06
EU501429,987,China,2004,115.751455877455,33.8178483868483,2004/09/13
EU501431,987,China,2004,115.751455877455,33.8178483868483,2004/06/03
EU501432,987,China,2004,115.751455877455,33.8178483868483,2004/06/03
EU501433,987,Japan,2004,137.215474187347,35.5841761876056,2004/01/24
EU501434,987,Japan,2004,137.215474187347,35.5841761876056,2004/01/08
EU501435,987,Japan,2004,137.215474187347,35.5841761876056,2004/01/02
EU501436,987,China,2004,115.751455877455,33.8178483868483,2004/09/14
EU501437,987,China,2004,115.751455877455,33.8178483868483,2004/09/09
EU501438,987,China,2004,115.751455877455,33.8178483868483,2004/08/11
EU501440,987,Japan,2004,137.215474187347,35.5841761876056,2004/02/19
EU501442,987,Japan,2004,137.215474187347,35.5841761876056,2004/01/15
EU501443,987,Japan,2004,137.215474187347,35.5841761876056,2004/01/19
EU501444,987,Japan,2004,137.215474187347,35.5841761876056,2004/01/04
EU501445,987,Japan,2004,137.215474187347,35.5841761876056,2004/03/23
EU501446,987,Japan,2004,137.215474187347,35.5841761876056,2004/11/15
EU501447,987,Japan,2004,137.215474187347,35.5841761876056,2004/11/22
EU501448,987,Japan,2004,137.215474187347,35.5841761876056,2004/01/26
EU501449,987,Japan,2004,137.215474187347,35.5841761876056,2004/01/20
EU501450,987,Japan,2004,137.215474187347,35.5841761876056,2004/02/09
EU501451,987,Russia,2004,39.62,52.62,2004/01/17
EU501453,987,France,2004,2.81490078363661,47.2569278333929,2004/01/04
EU501468,987,Japan,2004,137.215474187347,35.5841761876056,2004/01/09
EU501469,987,USA,2004,-89.07,30.39,2004/12/14
EU501470,987,Japan,2004,137.215474187347,35.5841761876056,2004/01/18
EU501471,987,Japan,2004,137.215474187347,35.5841761876056,2004/02/02
EU501472,987,Japan,2004,137.215474187347,35.5841761876056,2004/01/02
EU501473,987,Japan,2004,137.215474187347,35.5841761876056,2004/03/08
EU501475,987,Japan,2004,137.215474187347,35.5841761876056,2004/10/30
EU501476,987,Nepal,2004,84.837908027285,27.5806936674758,2004/07/01
EU501477,987,Nepal,2004,84.837908027285,27.5806936674758,2004/07/02
EU501478,987,Nepal,2004,84.837908027285,27.5806936674758,2004/07/02
EU501479,987,Nepal,2004,84.837908027285,27.5806936674758,2004/07/02
EU501480,987,Nepal,2004,84.837908027285,27.5806936674758,2004/07/02
EU501481,987,Nepal,2004,84.837908027285,27.5806936674758,2004/07/02
EU501482,987,Nepal,2004,84.837908027285,27.5806936674758,2004/07/02
EU501483,987,Nepal,2004,84.837908027285,27.5806936674758,2004/07/03
EU501484,987,USA,2004,-73.94,40.67,2004/01/06
EU501485,987,USA,2004,-73.94,40.67,2004/11/18
EU501486,987,USA,2004,-73.94,40.67,2004/11/18
EU501494,987,United Kingdom,2004,-1.57365367314527,52.6614255312049,2004/01/10
EU501495,987,France,2004,2.81490078363661,47.2569278333929,2004/12/06
EU501496,987,Japan,2004,137.215474187347,35.5841761876056,2004/01/09
EU501497,987,Japan,2004,137.215474187347,35.5841761876056,2004/01/13
EU501498,987,Japan,2004,137.215474187347,35.5841761876056,2004/01/17
EU501499,987,Japan,2004,137.215474187347,35.5841761876056,2004/03/08
EU501500,987,Japan,2004,137.215474187347,35.5841761876056,2004/07/12
EU501501,987,China,2004,115.751455877455,33.8178483868483,2004/09/02
EU501502,987,China,2004,115.751455877455,33.8178483868483,2004/09/06
EU501503,987,China,2004,115.751455877455,33.8178483868483,2004/09/09
EU501504,987,China,2004,115.751455877455,33.8178483868483,2004/09/13
EU501505,987,China,2004,115.751455877455,33.8178483868483,2004/09/23
EU501506,987,China,2004,115.751455877455,33.8178483868483,2004/09/23
EU501507,987,China,2004,115.751455877455,33.8178483868483,2004/09/23
EU501508,987,China,2004,115.751455877455,33.8178483868483,2004/09/21
EU501509,987,China,2004,115.751455877455,33.8178483868483,2004/09/30
EU501510,987,China,2004,115.751455877455,33.8178483868483,2004/09/30
EU501511,987,USA,2004,-96.82,46.88,2004/10/20
EU501512,987,Japan,2004,137.215474187347,35.5841761876056,2004/01/13
EU501513,987,Japan,2004,137.215474187347,35.5841761876056,2004/11/02
EU501514,987,Japan,2004,137.215474187347,35.5841761876056,2004/02/06
EU501515,987,Japan,2004,137.215474187347,35.5841761876056,2004/03/15
EU501517,987,Russia,2004,73.4,55.0,2004/01/15
EU501518,987,Japan,2004,137.215474187347,35.5841761876056,2004/09/21
EU501519,987,Japan,2004,137.215474187347,35.5841761876056,2004/10/07
EU501527,987,France,2004,2.81490078363661,47.2569278333929,2004/10/26
EU501528,987,Japan,2004,137.215474187347,35.5841761876056,2004/01/26
EU501529,987,Japan,2004,137.215474187347,35.5841761876056,2004/12/21
EU501530,987,Japan,2004,137.215474187347,35.5841761876056,2004/03/03
EU501532,987,Japan,2004,137.215474187347,35.5841761876056,2004/12/09
EU501533,987,China,2004,115.751455877455,33.8178483868483,2004/08/10
EU501534,987,Japan,2004,137.215474187347,35.5841761876056,2004/12/07
EU501535,987,Japan,2004,137.215474187347,35.5841761876056,2004/01/13
EU501536,987,Japan,2004,137.215474187347,35.5841761876056,2004/03/01
EU501537,987,Japan,2004,137.215474187347,35.5841761876056,2004/01/05
EU501538,987,Japan,2004,137.215474187347,35.5841761876056,2004/01/16
EU501539,987,China,2004,115.751455877455,33.8178483868483,2004/09/24
EU501540,987,China,2004,115.751455877455,33.8178483868483,2004/09/24
EU501553,987,Taiwan,2004,120.967443330781,24.2464318735026,2004/08/06
EU501554,987,Taiwan,2004,120.967443330781,24.2464318735026,2004/07/08
EU501555,987,Taiwan,2004,120.967443330781,24.2464318735026,2004/05/12
EU501556,987,USA,2004,-90.01,35.11,2004/08/17
EU501557,987,USA,2004,-95.39,29.77,2004/09/02
EU501559,987,China,2004,115.751455877455,33.8178483868483,2004/01/18
EU501560,987,China,2004,115.751455877455,33.8178483868483,2004/09/06
EU501561,987,China,2004,115.751455877455,33.8178483868483,2004/09/28
EU501563,987,Japan,2004,137.215474187347,35.5841761876056,2004/02/12
EU501578,987,USA,2004,-77.02,38.91,2004/10/14
EU501580,987,USA,2004,-87.97,43.06,2004/11/06
EU501581,987,China,2004,115.751455877455,33.8178483868483,2004/04/07
EU501582,987,China,2004,115.751455877455,33.8178483868483,2004/04/05
EU501583,987,China,2004,115.751455877455,33.8178483868483,2004/08/23
EU501584,987,China,2004,115.751455877455,33.8178483868483,2004/08/23
EU501585,987,China,2004,115.751455877455,33.8178483868483,2004/03/12
EU501586,987,Japan,2004,137.215474187347,35.5841761876056,2004/02/09
EU501587,987,Japan,2004,137.215474187347,35.5841761876056,2004/01/05
EU501588,987,Japan,2004,137.215474187347,35.5841761876056,2004/01/06
EU501589,987,Japan,2004,137.215474187347,35.5841761876056,2004/01/15
EU501590,987,Japan,2004,137.215474187347,35.5841761876056,2004/12/13
EU501591,987,Russia,2004,39.87,57.62,2004/01/20
EU501592,987,Japan,2004,137.215474187347,35.5841761876056,2004/01/15
EU501593,987,China,2004,115.751455877455,33.8178483868483,2004/09/20
EU501594,987,China,2004,115.751455877455,33.8178483868483,2004/03/07
EU501776,987,Bulgaria,2004,24.9671822837829,42.7531244512163,2004/12/16
EU501785,987,Taiwan,2004,120.967443330781,24.2464318735026,2004/12/24
EU502112,987,USA,2004,-149.19,61.18,2004/11/21
EU502118,987,USA,2004,-149.19,61.18,2004/10/04
EU502119,987,USA,2004,-149.19,61.18,2004/11/03
EU502120,987,USA,2004,-149.19,61.18,2004/11/08
EU502121,987,USA,2004,-149.19,61.18,2004/11/05
EU502127,987,USA,2004,-112.07,33.54,2004/01/28
EU502154,987,USA,2004,-118.41,34.11,2004/09/11
EU502169,987,USA,2004,-104.87,39.77,2004/10/27
EU502193,987,USA,2004,-84.42,33.76,2004/12/14
EU502224,987,Japan,2004,137.215474187347,35.5841761876056,2004/01/02
EU502228,987,USA,2004,-85.74,38.22,2004/11/27
EU502229,987,USA,2004,-85.74,38.22,2004/12/03
EU502237,987,USA,2004,-76.61,39.3,2004/06/04
EU502238,987,USA,2004,-70.28,43.66,2004/11/29
EU502240,987,USA,2004,-83.1,42.38,2004/09/13
EU502246,987,USA,2004,-90.24,38.64,2004/10/22
EU502248,987,USA,2004,-90.24,38.64,2004/12/29
EU502254,987,USA,2004,-108.54,45.79,2004/10/02
EU502274,987,USA,2004,-96.82,46.88,2004/10/20
EU502282,987,USA,2004,-96.01,41.26,2004/11/09
EU502286,987,USA,2004,-71.44,42.98,2004/10/11
EU502289,987,USA,2004,-74.76,40.22,2004/12/26
EU502302,987,USA,2004,-73.94,40.67,2004/01/04
EU502303,987,USA,2004,-73.94,40.67,2004/01/05
EU502305,987,USA,2004,-73.94,40.67,2004/09/21
EU502306,987,USA,2004,-73.94,40.67,2004/11/09
EU502307,987,USA,2004,-73.94,40.67,2004/11/19
EU502308,987,USA,2004,-73.94,40.67,2004/11/19
EU502313,987,USA,2004,-73.94,40.67,2004/04/22
EU502336,987,USA,2004,-96.73,43.54,2004/01/11
EU502337,987,USA,2004,-96.73,43.54,2004/12/02
EU502340,987,Saudi Arabia,2004,43.5845576047433,23.7900685691638,2004/01/29
EU502350,987,Taiwan,2004,120.967443330781,24.2464318735026,2004/04/08
EU502351,987,Taiwan,2004,120.967443330781,24.2464318735026,2004/04/10
EU502372,987,USA,2004,-95.39,29.77,2004/08/04
EU502373,987,USA,2004,-95.39,29.77,2004/10/12
EU502374,987,USA,2004,-95.39,29.77,2004/12/14
EU502375,987,USA,2004,-95.39,29.77,2004/12/27
EU502383,987,USA,2004,-111.93,40.78,2004/09/17
EU502384,987,USA,2004,-111.93,40.78,2004/09/22
EU502400,987,USA,2004,-79.45,36.08,2004/12/13
EU502401,987,USA,2004,-77.02,38.91,2004/10/14
EU502408,987,USA,2004,-87.97,43.06,2004/01/02
EU502409,987,USA,2004,-87.97,43.06,2004/10/08
EU502410,987,USA,2004,-87.97,43.06,2004/11/29
EU502411,987,USA,2004,-87.97,43.06,2004/01/07
EU502412,987,USA,2004,-87.97,43.06,2004/10/18
EU502413,987,USA,2004,-87.97,43.06,2004/11/22
EU502414,987,USA,2004,-87.97,43.06,2004/11/22
EU502505,987,Switzerland,2004,7.96679566393774,47.048657231704,2004/12/29
EU502512,987,Finland,2004,24.9257182762545,61.7429917907309,2004/12/21
AB243867,987,Japan,2005,137.215474187347,35.5841761876056,2005/05/23
AB243868,987,Japan,2005,137.215474187347,35.5841761876056,2005/07/12
AB243869,987,Japan,2005,137.215474187347,35.5841761876056,2005/06/18
AB243870,987,Japan,2005,137.215474187347,35.5841761876056,2005/04/22
AB243871,987,Japan,2005,137.215474187347,35.5841761876056,2005/04/13
AB243872,987,Japan,2005,137.215474187347,35.5841761876056,2005/04/01
AB243873,987,Japan,2005,137.215474187347,35.5841761876056,2005/03/03
AB246366,987,Japan,2005,137.215474187347,35.5841761876056,2005/12/05
AB271506,1004,Japan,2005,137.215474187347,35.5841761876056,2005/12/20
AB271511,1004,Japan,2005,137.215474187347,35.5841761876056,2005/12/07
AB271512,1004,Japan,2005,137.215474187347,35.5841761876056,2005/12/09
AB271513,1004,Japan,2005,137.215474187347,35.5841761876056,2005/12/15
AB271517,1016,Japan,2005,137.215474187347,35.5841761876056,2005/12/16
AB271528,1004,Japan,2005,137.215474187347,35.5841761876056,2005/12/01
AB271529,1004,Japan,2005,137.215474187347,35.5841761876056,2005/12/12
AB271530,1004,Japan,2005,137.215474187347,35.5841761876056,2005/12/16
AB289670,987,Japan,2005,137.215474187347,35.5841761876056,2005/03
AB289671,987,Japan,2005,137.215474187347,35.5841761876056,2005/05
AB434109,1701,Japan,2005,137.215474187347,35.5841761876056,2005/03/16
AB434110,1701,Japan,2005,137.215474187347,35.5841761876056,2005/03/16
AB462528,1080,Netherlands,2005,5.2518493354918,52.0744708572984,2005/07/07
AB462531,1014,Netherlands,2005,5.2518493354918,52.0744708572984,2005/07/14
AB462534,1173,Netherlands,2005,5.2518493354918,52.0744708572984,2005/07/18
AB462537,1164,Netherlands,2005,5.2518493354918,52.0744708572984,2005/09/19
CY002000,1762,USA,2005,-73.94,40.67,2005/01/17
CY002008,1760,USA,2005,-73.94,40.67,2005/02/02
CY002016,1701,USA,2005,-73.94,40.67,2005/01/03
CY002032,1760,USA,2005,-73.94,40.67,2005/01/29
CY002056,1762,USA,2005,-73.94,40.67,2005/01/07
CY002072,1761,USA,2005,-73.94,40.67,2005/03/04
CY002184,1762,USA,2005,-73.94,40.67,2005/02/15
CY002200,1760,USA,2005,-73.94,40.67,2005/01/03
CY002240,1741,USA,2005,-73.94,40.67,2005/01/29
CY002264,1738,USA,2005,-73.94,40.67,2005/01/28
CY002448,1761,USA,2005,-73.94,40.67,2005/02/16
CY002456,1761,USA,2005,-73.94,40.67,2005/02/22
CY002464,1760,USA,2005,-73.94,40.67,2005/01/06
CY002480,1712,USA,2005,-73.94,40.67,2005/01/05
CY002488,1741,USA,2005,-73.94,40.67,2005/03/23
CY002720,1703,USA,2005,-73.94,40.67,2005/01/04
CY002736,1741,USA,2005,-73.94,40.67,2005/01/04
CY002776,1718,USA,2005,-73.94,40.67,2005/02/15
CY003048,1728,USA,2005,-73.94,40.67,2005/01/18
CY003056,1720,USA,2005,-73.94,40.67,2005/01/24
CY003344,1743,USA,2005,-73.94,40.67,2005/01/04
CY003640,1762,USA,2005,-73.94,40.67,2005/02/09
CY003648,1760,USA,2005,-73.94,40.67,2005/03/07
CY006076,1762,USA,2005,-73.94,40.67,2005/02/02
CY006084,1762,USA,2005,-73.94,40.67,2005/03/08
CY006123,1737,USA,2005,-73.94,40.67,2005/01/07
CY006131,1715,USA,2005,-73.94,40.67,2005/01/19
CY006139,1728,USA,2005,-73.94,40.67,2005/02/01
CY006155,1725,USA,2005,-73.94,40.67,2005/01/18
CY006291,1761,USA,2005,-73.94,40.67,2005/02/08
CY019189,1722,USA,2005,-73.94,40.67,2005/01/10
CY019269,1719,USA,2005,-73.94,40.67,2005/01/10
CY019277,1723,USA,2005,-73.94,40.67,2005/01/10
CY019285,1721,USA,2005,-73.94,40.67,2005/01/10
CY019293,1722,USA,2005,-73.94,40.67,2005/01/10
CY019301,1722,USA,2005,-73.94,40.67,2005/01/10
CY019309,1724,USA,2005,-73.94,40.67,2005/01/10
CY019317,1723,USA,2005,-73.94,40.67,2005/01/10
CY020053,1722,USA,2005,-73.94,40.67,2005/01/10
CY020533,1722,USA,2005,-73.94,40.67,2005/01/10
CY026081,987,Austria,2005,14.8327100265914,47.8396043830117,2005/01/11
CY026082,987,Austria,2005,14.8327100265914,47.8396043830117,2005/01/14
CY026083,987,Austria,2005,14.8327100265914,47.8396043830117,2005/01/19
CY026084,987,Austria,2005,14.8327100265914,47.8396043830117,2005/01/24
CY026085,987,Austria,2005,14.8327100265914,47.8396043830117,2005/01/24
CY026086,987,Austria,2005,14.8327100265914,47.8396043830117,2005/01/27
CY026087,987,Austria,2005,14.8327100265914,47.8396043830117,2005/01/27
CY026088,987,Austria,2005,14.8327100265914,47.8396043830117,2005/01/25
CY026089,987,Austria,2005,14.8327100265914,47.8396043830117,2005/01/27
CY026090,987,Austria,2005,14.8327100265914,47.8396043830117,2005/01/27
CY026091,987,Austria,2005,14.8327100265914,47.8396043830117,2005/01/27
CY026092,987,Austria,2005,14.8327100265914,47.8396043830117,2005/02/02
CY026093,987,Austria,2005,14.8327100265914,47.8396043830117,2005/02/07
CY026094,987,Austria,2005,14.8327100265914,47.8396043830117,2005/02/07
CY026095,987,Austria,2005,14.8327100265914,47.8396043830117,2005/02/07
CY026096,987,Austria,2005,14.8327100265914,47.8396043830117,2005/02/08
CY026097,987,Austria,2005,14.8327100265914,47.8396043830117,2005/02/09
CY026098,987,Austria,2005,14.8327100265914,47.8396043830117,2005/02/10
CY026099,987,Austria,2005,14.8327100265914,47.8396043830117,2005/02/10
CY026100,987,Austria,2005,14.8327100265914,47.8396043830117,2005/02/11
CY026101,987,Austria,2005,14.8327100265914,47.8396043830117,2005/02/15
CY026102,987,Austria,2005,14.8327100265914,47.8396043830117,2005/02/16
CY026103,987,Austria,2005,14.8327100265914,47.8396043830117,2005/02/17
CY026104,987,Austria,2005,14.8327100265914,47.8396043830117,2005/02/17
CY026105,987,Austria,2005,14.8327100265914,47.8396043830117,2005/02/23
CY026106,987,Austria,2005,14.8327100265914,47.8396043830117,2005/02/28
CY026107,987,Austria,2005,14.8327100265914,47.8396043830117,2005/02/28
CY026108,987,Austria,2005,14.8327100265914,47.8396043830117,2005/03/01
CY026109,987,Austria,2005,14.8327100265914,47.8396043830117,2005/03/02
CY026110,987,Austria,2005,14.8327100265914,47.8396043830117,2005/02/28
CY026111,987,Austria,2005,14.8327100265914,47.8396043830117,2005/03/10
CY026112,987,Austria,2005,14.8327100265914,47.8396043830117,2005/03/14
CY026113,987,Austria,2005,14.8327100265914,47.8396043830117,2005/03/21
DQ227423,1726,Canada,2005,-88.0425788603422,46.6123146954127,2005/02
DQ469962,1701,Canada,2005,-79.38,43.65,2005/01
DQ865954,987,Taiwan,2005,120.967443330781,24.2464318735026,2005/01/27
DQ883601,1675,Norway,2005,9.85276744477849,60.9600065235272,2005/02
DQ883606,1125,Norway,2005,9.85276744477849,60.9600065235272,2005/02
DQ883607,1124,Norway,2005,9.85276744477849,60.9600065235272,2005/02
DQ883608,1671,Norway,2005,9.85276744477849,60.9600065235272,2005/02
DQ883609,1126,Norway,2005,9.85276744477849,60.9600065235272,2005/02
DQ883613,1097,Norway,2005,9.85276744477849,60.9600065235272,2005/02
DQ883618,1130,Norway,2005,9.85276744477849,60.9600065235272,2005/02
DQ883619,1130,Norway,2005,9.85276744477849,60.9600065235272,2005/02
DQ883620,1130,Norway,2005,9.85276744477849,60.9600065235272,2005/02
DQ883621,1130,Norway,2005,9.85276744477849,60.9600065235272,2005/02
DQ883625,1127,Norway,2005,9.85276744477849,60.9600065235272,2005/02
DQ883626,1129,Norway,2005,9.85276744477849,60.9600065235272,2005/02
DQ883627,1130,Norway,2005,9.85276744477849,60.9600065235272,2005/02
DQ883628,1130,Norway,2005,9.85276744477849,60.9600065235272,2005/02
EF462544,998,USA,2005,-97.51,35.47,2005/02/21
EF462549,1017,USA,2005,-97.51,35.47,2005/03/16
EF462550,1665,USA,2005,-97.51,35.47,2005/03/04
EF462551,1666,USA,2005,-97.51,35.47,2005/03/02
EF473424,1066,USA,2005,-87.97,43.06,2005/08/31
EF473427,1050,USA,2005,-80.83,35.2,2005/08/04
EF473428,1048,USA,2005,-76.61,39.3,2005/08/25
EF566231,1030,France,2005,2.81490078363661,47.2569278333929,2005/01/05
EU106665,987,Austria,2005,14.8327100265914,47.8396043830117,2005/02/16
EU106666,986,Austria,2005,14.8327100265914,47.8396043830117,2005/03/01
EU106667,987,Austria,2005,14.8327100265914,47.8396043830117,2005/03/02
EU106668,987,Austria,2005,14.8327100265914,47.8396043830117,2005/02/26
EU106669,987,Austria,2005,14.8327100265914,47.8396043830117,2005/02/26
EU501595,987,Japan,2005,137.215474187347,35.5841761876056,2005/01/27
EU501596,987,Japan,2005,137.215474187347,35.5841761876056,2005/03/15
EU501597,987,Japan,2005,137.215474187347,35.5841761876056,2005/12/03
EU501598,987,Japan,2005,137.215474187347,35.5841761876056,2005/12/08
EU501599,987,Japan,2005,137.215474187347,35.5841761876056,2005/12/09
EU501600,987,China,2005,115.751455877455,33.8178483868483,2005/03/30
EU501601,987,China,2005,115.751455877455,33.8178483868483,2005/03/31
EU501602,987,China,2005,115.751455877455,33.8178483868483,2005/08/09
EU501603,987,China,2005,115.751455877455,33.8178483868483,2005/08/17
EU501604,987,China,2005,115.751455877455,33.8178483868483,2005/08/23
EU501605,987,China,2005,115.751455877455,33.8178483868483,2005/08/23
EU501606,987,China,2005,115.751455877455,33.8178483868483,2005/08/23
EU501607,987,Japan,2005,137.215474187347,35.5841761876056,2005/03/01
EU501608,987,Japan,2005,137.215474187347,35.5841761876056,2005/11/28
EU501609,987,Germany,2005,9.39399559832095,51.0431670108489,2005/02/09
EU501620,987,South Korea,2005,127.515099340408,36.639213467055,2005/01/04
EU501621,987,USA,2005,-118.41,34.11,2005/10/11
EU501624,987,South Korea,2005,127.515099340408,36.639213467055,2005/12/19
EU501625,987,South Korea,2005,127.515099340408,36.639213467055,2005/12/20
EU501626,987,Japan,2005,137.215474187347,35.5841761876056,2005/01/24
EU501627,987,Japan,2005,137.215474187347,35.5841761876056,2005/02/22
EU501628,987,Mongolia,2005,105.750146079237,47.7937367925039,2005/12/21
EU501629,987,China,2005,115.751455877455,33.8178483868483,2005/03/11
EU501630,987,China,2005,115.751455877455,33.8178483868483,2005/04/08
EU501631,987,China,2005,115.751455877455,33.8178483868483,2005/04/08
EU501632,987,China,2005,115.751455877455,33.8178483868483,2005/04/22
EU501633,987,China,2005,115.751455877455,33.8178483868483,2005/04/25
EU501634,987,China,2005,115.751455877455,33.8178483868483,2005/04/01
EU501635,987,China,2005,115.751455877455,33.8178483868483,2005/04/20
EU501638,987,South Korea,2005,127.515099340408,36.639213467055,2005/01/13
EU501642,987,Japan,2005,137.215474187347,35.5841761876056,2005/03/10
EU501643,987,Japan,2005,137.215474187347,35.5841761876056,2005/04/20
EU501644,987,Russia,2005,60.6,56.85,2005/03/03
EU501645,987,Japan,2005,137.215474187347,35.5841761876056,2005/11/24
EU501646,987,Japan,2005,137.215474187347,35.5841761876056,2005/02/12
EU501647,987,Japan,2005,137.215474187347,35.5841761876056,2005/12/20
EU501648,987,Japan,2005,137.215474187347,35.5841761876056,2005/12/30
EU501649,987,Japan,2005,137.215474187347,35.5841761876056,2005/01/27
EU501650,987,China,2005,115.751455877455,33.8178483868483,2005/04/19
EU501651,987,China,2005,115.751455877455,33.8178483868483,2005/04/16
EU501652,987,Japan,2005,137.215474187347,35.5841761876056,2005/01/17
EU501653,987,Japan,2005,137.215474187347,35.5841761876056,2005/03/07
EU501654,987,Japan,2005,137.215474187347,35.5841761876056,2005/01/25
EU501655,987,Japan,2005,137.215474187347,35.5841761876056,2005/02/18
EU501656,987,Japan,2005,137.215474187347,35.5841761876056,2005/10/11
EU501657,987,Japan,2005,137.215474187347,35.5841761876056,2005/04/07
EU501658,987,Japan,2005,137.215474187347,35.5841761876056,2005/03/29
EU501659,987,Japan,2005,137.215474187347,35.5841761876056,2005/03/29
EU501660,987,Japan,2005,137.215474187347,35.5841761876056,2005/10/24
EU501661,987,Japan,2005,137.215474187347,35.5841761876056,2005/11/17
EU501662,987,Japan,2005,137.215474187347,35.5841761876056,2005/11/17
EU501663,987,Japan,2005,137.215474187347,35.5841761876056,2005/12/24
EU501664,987,Japan,2005,137.215474187347,35.5841761876056,2005/01/28
EU501665,987,Japan,2005,137.215474187347,35.5841761876056,2005/02/19
EU501666,987,Japan,2005,137.215474187347,35.5841761876056,2005/04/09
EU501667,987,Japan,2005,137.215474187347,35.5841761876056,2005/12/11
EU501679,987,China,2005,115.751455877455,33.8178483868483,2005/05/27
EU501680,987,Japan,2005,137.215474187347,35.5841761876056,2005/02/07
EU501681,987,Japan,2005,137.215474187347,35.5841761876056,2005/02/12
EU501682,987,Japan,2005,137.215474187347,35.5841761876056,2005/06/22
EU501683,987,Japan,2005,137.215474187347,35.5841761876056,2005/12/08
EU501684,987,Japan,2005,137.215474187347,35.5841761876056,2005/12/12
EU501685,987,South Korea,2005,127.515099340408,36.639213467055,2005/02/07
EU501686,987,Japan,2005,137.215474187347,35.5841761876056,2005/02/14
EU501687,987,Japan,2005,137.215474187347,35.5841761876056,2005/03/02
EU501688,987,Japan,2005,137.215474187347,35.5841761876056,2005/11/16
EU501689,987,China,2005,115.751455877455,33.8178483868483,2005/03/17
EU501690,987,China,2005,115.751455877455,33.8178483868483,2005/03/23
EU501691,987,China,2005,115.751455877455,33.8178483868483,2005/03/30
EU501693,987,Japan,2005,137.215474187347,35.5841761876056,2005/12/12
EU501694,987,Japan,2005,137.215474187347,35.5841761876056,2005/12/03
EU501695,987,Japan,2005,137.215474187347,35.5841761876056,2005/01/25
EU501696,987,Japan,2005,137.215474187347,35.5841761876056,2005/02/10
EU501697,987,Japan,2005,137.215474187347,35.5841761876056,2005/12/06
EU501698,987,Japan,2005,137.215474187347,35.5841761876056,2005/11/17
EU501699,987,Russia,2005,135.12,48.42,2005/01/27
EU501700,987,Japan,2005,137.215474187347,35.5841761876056,2005/03/08
EU501701,987,Japan,2005,137.215474187347,35.5841761876056,2005/01/31
EU501702,987,Japan,2005,137.215474187347,35.5841761876056,2005/09/29
EU501703,987,Japan,2005,137.215474187347,35.5841761876056,2005/10/26
EU501704,987,Japan,2005,137.215474187347,35.5841761876056,2005/02/05
EU501705,987,Japan,2005,137.215474187347,35.5841761876056,2005/11/14
EU501706,987,Japan,2005,137.215474187347,35.5841761876056,2005/11/06
EU501707,987,South Korea,2005,127.515099340408,36.639213467055,2005/02/04
EU501708,987,South Korea,2005,127.515099340408,36.639213467055,2005/01/17
EU501709,987,South Korea,2005,127.515099340408,36.639213467055,2005/01/26
EU501710,987,France,2005,2.81490078363661,47.2569278333929,2005/01/12
EU501711,987,France,2005,2.81490078363661,47.2569278333929,2005/01/05
EU501719,987,Japan,2005,137.215474187347,35.5841761876056,2005/01/06
EU501720,987,Japan,2005,137.215474187347,35.5841761876056,2005/02/02
EU501721,987,Japan,2005,137.215474187347,35.5841761876056,2005/09/12
EU501722,987,Japan,2005,137.215474187347,35.5841761876056,2005/12/27
EU501723,987,Japan,2005,137.215474187347,35.5841761876056,2005/02/14
EU501724,987,Japan,2005,137.215474187347,35.5841761876056,2005/12/18
EU501725,987,Japan,2005,137.215474187347,35.5841761876056,2005/12/22
EU501726,987,Russia,2005,37.62,55.75,2005/02/28
EU501727,987,Japan,2005,137.215474187347,35.5841761876056,2005/12/29
EU501728,987,Japan,2005,137.215474187347,35.5841761876056,2005/03/09
EU501730,987,Japan,2005,137.215474187347,35.5841761876056,2005/08/02
EU501731,987,Japan,2005,137.215474187347,35.5841761876056,2005/11/30
EU501732,987,Japan,2005,137.215474187347,35.5841761876056,2005/08/08
EU501733,987,Japan,2005,137.215474187347,35.5841761876056,2005/12/20
EU501735,987,United Kingdom,2005,-1.57365367314527,52.6614255312049,2005/07/17
EU501736,987,Japan,2005,137.215474187347,35.5841761876056,2005/02/12
EU501737,987,Japan,2005,137.215474187347,35.5841761876056,2005/02/17
EU501738,987,Japan,2005,137.215474187347,35.5841761876056,2005/03/01
EU501739,987,Japan,2005,137.215474187347,35.5841761876056,2005/04/15
EU501740,987,China,2005,115.751455877455,33.8178483868483,2005/04/08
EU501741,987,USA,2005,-80.83,35.2,2005/08/04
EU501742,987,Japan,2005,137.215474187347,35.5841761876056,2005/03/17
EU501743,987,Japan,2005,137.215474187347,35.5841761876056,2005/04/15
EU501744,987,Japan,2005,137.215474187347,35.5841761876056,2005/06/01
EU501745,987,Japan,2005,137.215474187347,35.5841761876056,2005/11/28
EU501746,987,Japan,2005,137.215474187347,35.5841761876056,2005/12/11
EU501747,987,Japan,2005,137.215474187347,35.5841761876056,2005/12/09
EU501748,987,Japan,2005,137.215474187347,35.5841761876056,2005/06/28
EU501749,987,Japan,2005,137.215474187347,35.5841761876056,2005/11/24
EU501750,987,Japan,2005,137.215474187347,35.5841761876056,2005/03/11
EU501751,987,Japan,2005,137.215474187347,35.5841761876056,2005/11/21
EU501758,987,Japan,2005,137.215474187347,35.5841761876056,2005/12/20
EU501759,987,Japan,2005,137.215474187347,35.5841761876056,2005/12/03
EU501760,987,Japan,2005,137.215474187347,35.5841761876056,2005/12/27
EU501761,987,Japan,2005,137.215474187347,35.5841761876056,2005/03/02
EU501762,987,Japan,2005,137.215474187347,35.5841761876056,2005/04/13
EU501763,987,China,2005,115.751455877455,33.8178483868483,2005/03/02
EU501764,987,Japan,2005,137.215474187347,35.5841761876056,2005/12/09
EU501765,987,Japan,2005,137.215474187347,35.5841761876056,2005/12/28
EU501766,987,Japan,2005,137.215474187347,35.5841761876056,2005/02/17
EU501767,987,Japan,2005,137.215474187347,35.5841761876056,2005/03/24
EU501768,987,Japan,2005,137.215474187347,35.5841761876056,2005/05/09
EU501769,987,Japan,2005,137.215474187347,35.5841761876056,2005/05/12
EU501770,987,Japan,2005,137.215474187347,35.5841761876056,2005/01/06
EU501771,987,Japan,2005,137.215474187347,35.5841761876056,2005/01/17
EU501772,987,Japan,2005,137.215474187347,35.5841761876056,2005/12/22
EU501779,987,Russia,2005,30.32,59.93,2005/03/28
EU501780,987,Mongolia,2005,105.750146079237,47.7937367925039,2005/11/28
EU501784,987,Taiwan,2005,120.967443330781,24.2464318735026,2005/01/27
EU501803,987,China,2005,115.751455877455,33.8178483868483,2005/03/29
EU501804,987,China,2005,115.751455877455,33.8178483868483,2005/08/30
EU501805,987,China,2005,115.751455877455,33.8178483868483,2005/08/29
EU501806,987,China,2005,115.751455877455,33.8178483868483,2005/09/06
EU501807,987,China,2005,115.751455877455,33.8178483868483,2005/09/11
EU501808,987,Japan,2005,137.215474187347,35.5841761876056,2005/02/07
EU501809,987,Japan,2005,137.215474187347,35.5841761876056,2005/12/06
EU501810,987,Japan,2005,137.215474187347,35.5841761876056,2005/12/22
EU501816,987,Japan,2005,137.215474187347,35.5841761876056,2005/02/28
EU501817,987,Japan,2005,137.215474187347,35.5841761876056,2005/03/11
EU501818,987,Mongolia,2005,105.750146079237,47.7937367925039,2005/11/29
EU501819,987,Mongolia,2005,105.750146079237,47.7937367925039,2005/12/14
EU501820,987,Mongolia,2005,105.750146079237,47.7937367925039,2005/12/23
EU501821,987,South Korea,2005,127.515099340408,36.639213467055,2005/01/27
EU501830,987,Japan,2005,137.215474187347,35.5841761876056,2005/01/19
EU501833,987,USA,2005,-87.97,43.06,2005/08/31
EU501835,987,USA,2005,-87.97,43.06,2005/10/19
EU501836,987,China,2005,115.751455877455,33.8178483868483,2005/05/23
EU501837,987,China,2005,115.751455877455,33.8178483868483,2005/08/15
EU501838,987,China,2005,115.751455877455,33.8178483868483,2005/08/22
EU501839,987,Japan,2005,137.215474187347,35.5841761876056,2005/03/26
EU501840,987,Japan,2005,137.215474187347,35.5841761876056,2005/03/18
EU501841,987,Japan,2005,137.215474187347,35.5841761876056,2005/04/25
EU501842,987,Japan,2005,137.215474187347,35.5841761876056,2005/07/16
EU501843,987,Japan,2005,137.215474187347,35.5841761876056,2005/11/08
EU501844,987,Japan,2005,137.215474187347,35.5841761876056,2005/12/15
EU501845,987,Japan,2005,137.215474187347,35.5841761876056,2005/12/26
EU501846,987,Japan,2005,137.215474187347,35.5841761876056,2005/11/11
EU501847,987,Japan,2005,137.215474187347,35.5841761876056,2005/12/06
EU501848,987,Japan,2005,137.215474187347,35.5841761876056,2005/11/28
EU501849,987,Japan,2005,137.215474187347,35.5841761876056,2005/12/07
EU501850,987,Japan,2005,137.215474187347,35.5841761876056,2005/12/09
EU501851,987,Japan,2005,137.215474187347,35.5841761876056,2005/02/14
EU501852,987,China,2005,115.751455877455,33.8178483868483,2005/04/14
EU501853,987,China,2005,115.751455877455,33.8178483868483,2005/08/10
EU501854,987,China,2005,115.751455877455,33.8178483868483,2005/04/19
EU502135,987,USA,2005,-112.07,33.54,2005/02/15
EU502136,987,USA,2005,-112.07,33.54,2005/01/05
EU502139,987,Bangladesh,2005,90.4113608365672,23.563298204673,2005/05/30
EU502140,987,Bangladesh,2005,90.4113608365672,23.563298204673,2005/05/29
EU502166,987,Canada,2005,-88.0425788603422,46.6123146954127,2005/11/17
EU502170,987,USA,2005,-104.87,39.77,2005/01/21
EU502171,987,USA,2005,-104.87,39.77,2005/12/03
EU502182,987,Egypt,2005,31.1850202016497,29.8814711383923,2005/04/20
EU502184,987,USA,2005,-80.21,25.78,2005/03/10
EU502185,987,USA,2005,-80.21,25.78,2005/12/05
EU502191,987,USA,2005,-84.42,33.76,2005/01/27
EU502192,987,USA,2005,-84.42,33.76,2005/01/06
EU502210,987,USA,2005,-93.62,41.58,2005/01/30
EU502211,987,USA,2005,-93.62,41.58,2005/12/12
EU502215,987,USA,2005,-116.23,43.61,2005/11/27
EU502216,987,USA,2005,-116.23,43.61,2005/12/21
EU502226,987,South Korea,2005,127.515099340408,36.639213467055,2005/12/28
EU502227,987,USA,2005,-97.34,37.69,2005/01/18
EU502230,987,USA,2005,-85.74,38.22,2005/04/01
EU502232,987,USA,2005,-89.93,30.07,2005/01/26
EU502233,987,USA,2005,-71.02,42.34,2005/01/07
EU502234,987,USA,2005,-71.02,42.34,2005/11/30
EU502235,987,USA,2005,-76.61,39.3,2005/08/25
EU502244,987,USA,2005,-90.24,38.64,2005/02/11
EU502247,987,USA,2005,-90.24,38.64,2005/01/03
EU502252,987,USA,2005,-89.07,30.39,2005/02/27
EU502255,987,USA,2005,-108.54,45.79,2005/01/28
EU502256,987,USA,2005,-108.54,45.79,2005/01/28
EU502278,987,USA,2005,-96.01,41.26,2005/01/03
EU502283,987,USA,2005,-96.01,41.26,2005/03/23
EU502290,987,USA,2005,-74.76,40.22,2005/02/13
EU502298,987,USA,2005,-115.22,36.21,2005/04/22
EU502309,987,USA,2005,-73.94,40.67,2005/01/03
EU502310,987,USA,2005,-73.94,40.67,2005/01/05
EU502321,987,USA,2005,-122.66,45.54,2005/11/29
EU502323,987,France,2005,2.81490078363661,47.2569278333929,2005/11/13
EU502325,987,France,2005,2.81490078363661,47.2569278333929,2005/01/15
EU502330,987,USA,2005,-71.42,41.82,2005/01/24
EU502334,987,USA,2005,-80.89,34.04,2005/06/23
EU502335,987,USA,2005,-80.89,34.04,2005/02/04
EU502345,987,USA,2005,-90.01,35.11,2005/02/07
EU502346,987,USA,2005,-90.01,35.11,2005/02/11
EU502376,987,USA,2005,-95.39,29.77,2005/11/15
EU502377,987,USA,2005,-95.39,29.77,2005/11/28
EU502378,987,USA,2005,-95.39,29.77,2005/02/09
EU502385,987,USA,2005,-111.93,40.78,2005/01/12
EU502386,987,USA,2005,-111.93,40.78,2005/12/06
EU502392,987,USA,2005,-76.04,36.74,2005/01/07
EU502394,987,USA,2005,-76.04,36.74,2005/01/07
EU502404,987,USA,2005,-77.02,38.91,2005/11/30
EU502415,987,USA,2005,-87.97,43.06,2005/01/17
EU502416,987,USA,2005,-87.97,43.06,2005/01/17
EU502417,987,USA,2005,-87.97,43.06,2005/01/21
EU502418,987,USA,2005,-87.97,43.06,2005/01/20
EU502419,987,USA,2005,-87.97,43.06,2005/01/08
EU502424,987,USA,2005,-82.43,38.41,2005/01/05
EU502425,987,USA,2005,-82.43,38.41,2005/01/25
EU502426,987,USA,2005,-85.7,42.89,2005/03/10
EU502427,987,USA,2005,-85.7,42.89,2005/03/15
EU502428,987,USA,2005,-85.7,42.89,2005/01/14
EU502429,987,USA,2005,-85.7,42.89,2005/01/14
EU502430,987,USA,2005,-85.7,42.89,2005/01/14
EU502431,987,USA,2005,-85.7,42.89,2005/02/03
EU502432,987,USA,2005,-85.7,42.89,2005/02/01
EU502433,987,USA,2005,-85.7,42.89,2005/02/02
EU502499,987,Spain,2005,-3.28037488116198,39.5208728216717,2005/01/17
EU502500,987,Italy,2005,12.2684654711387,42.6805108483621,2005/02/15
EU502501,987,Netherlands,2005,5.2518493354918,52.0744708572984,2005/01/15
EU502502,987,Finland,2005,24.9257182762545,61.7429917907309,2005/03/12
EU502503,987,Slovenia,2005,14.7979013828555,46.160393749599,2005/01/18
EU502504,987,Iceland,2005,-21.2859979826134,64.3721460930065,2005/01/07
EU502506,987,Germany,2005,9.39399559832095,51.0431670108489,2005/01/20
EU502510,987,Romania,2005,25.3839703900966,45.6622359242524,2005/03/29
EU502511,987,Romania,2005,25.3839703900966,45.6622359242524,2005/03/30
EU502513,987,Norway,2005,9.85276744477849,60.9600065235272,2005/04/04
FJ225995,987,China,2005,115.751455877455,33.8178483868483,2005/03/04
FJ225999,987,China,2005,115.751455877455,33.8178483868483,2005/05/10
FJ226004,987,China,2005,115.751455877455,33.8178483868483,2005/09/22
AB271001,1002,Japan,2006,137.215474187347,35.5841761876056,2006/02/07
AB271809,1015,Japan,2006,137.215474187347,35.5841761876056,2006/03/02
AB271810,1017,Japan,2006,137.215474187347,35.5841761876056,2006/03/03
AB271812,1015,Japan,2006,137.215474187347,35.5841761876056,2006/03/13
AB271813,1018,Japan,2006,137.215474187347,35.5841761876056,2006/01/14
AB271814,1019,Japan,2006,137.215474187347,35.5841761876056,2006/01/14
AB271815,1019,Japan,2006,137.215474187347,35.5841761876056,2006/01/14
AB271816,1015,Japan,2006,137.215474187347,35.5841761876056,2006/01/14
AB271817,1016,Japan,2006,137.215474187347,35.5841761876056,2006/01/14
AB271818,1000,Japan,2006,137.215474187347,35.5841761876056,2006/02/07
AB271819,1016,Japan,2006,137.215474187347,35.5841761876056,2006/02/08
AB271820,1020,Japan,2006,137.215474187347,35.5841761876056,2006/02/08
AB271821,1019,Japan,2006,137.215474187347,35.5841761876056,2006/02/08
AB271822,1020,Japan,2006,137.215474187347,35.5841761876056,2006/02/08
AB271823,1016,Japan,2006,137.215474187347,35.5841761876056,2006/03/01
AB271824,1022,Japan,2006,137.215474187347,35.5841761876056,2006/03/02
AB271825,1029,Japan,2006,137.215474187347,35.5841761876056,2006/03/06
AB271827,1017,Japan,2006,137.215474187347,35.5841761876056,2006/03/22
AB271828,1027,Japan,2006,137.215474187347,35.5841761876056,2006/01/14
AB271829,1028,Japan,2006,137.215474187347,35.5841761876056,2006/01/20
AB271830,1028,Japan,2006,137.215474187347,35.5841761876056,2006/01/26
AB271832,1016,Japan,2006,137.215474187347,35.5841761876056,2006/01/28
AB271834,1007,Japan,2006,137.215474187347,35.5841761876056,2006/02/03
AB271835,1013,Japan,2006,137.215474187347,35.5841761876056,2006/02/13
AB271836,1016,Japan,2006,137.215474187347,35.5841761876056,2006/02/13
AB271837,1018,Japan,2006,137.215474187347,35.5841761876056,2006/02/24
AB271839,1017,Japan,2006,137.215474187347,35.5841761876056,2006/01/20
AB271840,1016,Japan,2006,137.215474187347,35.5841761876056,2006/01/20
AB271841,1021,Japan,2006,137.215474187347,35.5841761876056,2006/01/21
AB271842,1015,Japan,2006,137.215474187347,35.5841761876056,2006/01/24
AB271844,1007,Japan,2006,137.215474187347,35.5841761876056,2006/02/06
AB271846,1022,Japan,2006,137.215474187347,35.5841761876056,2006/02/10
AB271847,1020,Japan,2006,137.215474187347,35.5841761876056,2006/02/18
AB271850,1000,Japan,2006,137.215474187347,35.5841761876056,2006/03/15
AB289672,987,Japan,2006,137.215474187347,35.5841761876056,2006/01/23
AB289673,987,Japan,2006,137.215474187347,35.5841761876056,2006/01/28
AB289674,987,Japan,2006,137.215474187347,35.5841761876056,2006/02/06
AB289675,987,Japan,2006,137.215474187347,35.5841761876056,2006/01/31
AB289676,987,Japan,2006,137.215474187347,35.5841761876056,2006/02/22
AB289677,987,Japan,2006,137.215474187347,35.5841761876056,2006/02/07
AB289678,987,Japan,2006,137.215474187347,35.5841761876056,2006/03/06
AB434111,1701,Japan,2006,137.215474187347,35.5841761876056,2006/02/03
AB434112,1701,Japan,2006,137.215474187347,35.5841761876056,2006/02/06
AB434113,1701,Japan,2006,137.215474187347,35.5841761876056,2006/02/08
AB434114,1701,Japan,2006,137.215474187347,35.5841761876056,2006/02/22
CY012792,1721,USA,2006,-73.94,40.67,2006/03/22
CY013232,1722,USA,2006,-73.94,40.67,2006/04/05
CY013797,1721,USA,2006,-73.94,40.67,2006/03/22
CY014159,1721,USA,2006,-73.94,40.67,2006/04/05
CY016995,1721,USA,2006,-73.94,40.67,2006/04/06
CY019325,1721,USA,2006,-73.94,40.67,2006/02/28
CY019333,1721,USA,2006,-73.94,40.67,2006/03/01
CY019827,1718,USA,2006,-73.94,40.67,2006/02/23
CY019835,1719,USA,2006,-73.94,40.67,2006/02/28
CY019851,1721,USA,2006,-73.94,40.67,2006/03/01
CY019859,1721,USA,2006,-73.94,40.67,2006/03/02
CY019939,1721,USA,2006,-73.94,40.67,2006/02/28
CY020061,1717,USA,2006,-73.94,40.67,2006/02/23
CY020069,1722,USA,2006,-73.94,40.67,2006/02/23
CY020077,1716,USA,2006,-73.94,40.67,2006/02/23
CY020085,1717,USA,2006,-73.94,40.67,2006/02/28
CY020093,1719,USA,2006,-73.94,40.67,2006/02/28
CY020101,1727,USA,2006,-73.94,40.67,2006/03/01
CY020109,1724,USA,2006,-73.94,40.67,2006/03/01
CY020117,1723,USA,2006,-73.94,40.67,2006/03/02
CY020125,1716,USA,2006,-73.94,40.67,2006/03/02
CY020133,1721,USA,2006,-73.94,40.67,2006/03/02
CY022876,1000,USA,2006,-95.7838929243731,37.0646915874415,2006/10/30
EF462552,1002,USA,2006,-97.51,35.47,2006/03
EF462553,1013,USA,2006,-97.51,35.47,2006/02/25
EF462554,1013,USA,2006,-97.51,35.47,2006/01/12
EF462555,1038,USA,2006,-97.51,35.47,2006/01/03
EF620023,1171,Taiwan,2006,120.967443330781,24.2464318735026,2006/03/25
EU100596,1066,USA,2006,-73.2,41.19,2006/09/27
EU100597,1066,USA,2006,-76.61,39.3,2006/08/21
EU100670,1114,USA,2006,-87.97,43.06,2006/12/16
EU100685,1120,USA,2006,-118.41,34.11,2006/12/08
EU100686,1120,USA,2006,-118.41,34.11,2006/12/08
EU100696,1106,USA,2006,-87.97,43.06,2006/12/27
EU100697,1106,USA,2006,-73.94,40.67,2006/11/29
EU100699,1106,USA,2006,-77.02,38.91,2006/12/19
EU100700,1109,USA,2006,-77.02,38.91,2006/12/18
EU100702,1701,Nepal,2006,84.837908027285,27.5806936674758,2006/12/19
EU100713,1653,USA,2006,-76.61,39.3,2006/12/17
EU100714,1653,USA,2006,-76.61,39.3,2006/12/12
EU100715,1701,USA,2006,-87.97,43.06,2006/12/15
EU100716,1653,USA,2006,-87.97,43.06,2006/12/16
EU124139,1013,Taiwan,2006,120.967443330781,24.2464318735026,2006/09/06
EU199252,1701,USA,2006,-85.7,42.89,2006/02/09
EU199255,1701,USA,2006,-104.87,39.77,2006/12/08
EU501855,987,Japan,2006,137.215474187347,35.5841761876056,2006/01/18
EU501856,987,Japan,2006,137.215474187347,35.5841761876056,2006/01/27
EU501857,987,Japan,2006,137.215474187347,35.5841761876056,2006/03/06
EU501858,987,Japan,2006,137.215474187347,35.5841761876056,2006/01/06
EU501859,987,Japan,2006,137.215474187347,35.5841761876056,2006/03/03
EU501860,987,Japan,2006,137.215474187347,35.5841761876056,2006/03/16
EU501862,987,Japan,2006,137.215474187347,35.5841761876056,2006/01/13
EU501868,987,China,2006,115.751455877455,33.8178483868483,2006/01/12
EU501869,987,China,2006,115.751455877455,33.8178483868483,2006/01/12
EU501870,987,China,2006,115.751455877455,33.8178483868483,2006/01/20
EU501871,987,China,2006,115.751455877455,33.8178483868483,2006/01/19
EU501872,987,China,2006,115.751455877455,33.8178483868483,2006/03/17
EU501884,987,South Korea,2006,127.515099340408,36.639213467055,2006/01/29
EU501885,987,Japan,2006,137.215474187347,35.5841761876056,2006/01/05
EU501886,987,Japan,2006,137.215474187347,35.5841761876056,2006/01/20
EU501887,987,Japan,2006,137.215474187347,35.5841761876056,2006/01/13
EU501888,987,Japan,2006,137.215474187347,35.5841761876056,2006/01/16
EU501889,987,Japan,2006,137.215474187347,35.5841761876056,2006/01/26
EU501890,987,Japan,2006,137.215474187347,35.5841761876056,2006/01/23
EU501891,987,Japan,2006,137.215474187347,35.5841761876056,2006/02/18
EU501892,987,Japan,2006,137.215474187347,35.5841761876056,2006/02/21
EU501893,987,Japan,2006,137.215474187347,35.5841761876056,2006/02/07
EU501894,987,Japan,2006,137.215474187347,35.5841761876056,2006/02/27
EU501897,987,South Korea,2006,127.515099340408,36.639213467055,2006/01/25
EU501898,987,South Korea,2006,127.515099340408,36.639213467055,2006/03/09
EU501899,987,South Korea,2006,127.515099340408,36.639213467055,2006/03/20
EU501900,987,South Korea,2006,127.515099340408,36.639213467055,2006/04/19
EU501901,987,South Korea,2006,127.515099340408,36.639213467055,2006/05/01
EU501903,987,Japan,2006,137.215474187347,35.5841761876056,2006/01/17
EU501904,987,Japan,2006,137.215474187347,35.5841761876056,2006/01/31
EU501905,987,USA,2006,-80.21,25.78,2006/01/19
EU501906,987,Japan,2006,137.215474187347,35.5841761876056,2006/01/17
EU501907,987,Japan,2006,137.215474187347,35.5841761876056,2006/02/17
EU501908,987,Japan,2006,137.215474187347,35.5841761876056,2006/02/22
EU501909,987,Japan,2006,137.215474187347,35.5841761876056,2006/02/14
EU501910,987,Japan,2006,137.215474187347,35.5841761876056,2006/01/06
EU501911,987,Japan,2006,137.215474187347,35.5841761876056,2006/01/30
EU501912,987,Japan,2006,137.215474187347,35.5841761876056,2006/01/07
EU501913,987,Japan,2006,137.215474187347,35.5841761876056,2006/01/17
EU501914,987,Japan,2006,137.215474187347,35.5841761876056,2006/02/10
EU501915,987,Japan,2006,137.215474187347,35.5841761876056,2006/04/18
EU501916,987,South Korea,2006,127.515099340408,36.639213467055,2006/02/18
EU501917,987,South Korea,2006,127.515099340408,36.639213467055,2006/04/10
EU501918,987,China,2006,115.751455877455,33.8178483868483,2006/01/10
EU501919,987,Japan,2006,137.215474187347,35.5841761876056,2006/01/14
EU501920,987,Japan,2006,137.215474187347,35.5841761876056,2006/01/16
EU501921,987,Japan,2006,137.215474187347,35.5841761876056,2006/02/08
EU501922,987,Japan,2006,137.215474187347,35.5841761876056,2006/01/10
EU501923,987,Japan,2006,137.215474187347,35.5841761876056,2006/02/17
EU501924,987,Japan,2006,137.215474187347,35.5841761876056,2006/03/14
EU501927,987,Japan,2006,137.215474187347,35.5841761876056,2006/01/19
EU501928,987,Japan,2006,137.215474187347,35.5841761876056,2006/01/19
EU501929,987,Japan,2006,137.215474187347,35.5841761876056,2006/01/25
EU501931,987,Japan,2006,137.215474187347,35.5841761876056,2006/01/26
EU501932,987,Japan,2006,137.215474187347,35.5841761876056,2006/01/24
EU501933,987,Japan,2006,137.215474187347,35.5841761876056,2006/01/20
EU501934,987,Japan,2006,137.215474187347,35.5841761876056,2006/03/01
EU501935,987,Japan,2006,137.215474187347,35.5841761876056,2006/01/11
EU501936,987,Japan,2006,137.215474187347,35.5841761876056,2006/01/20
EU501937,987,Japan,2006,137.215474187347,35.5841761876056,2006/02/14
EU501938,987,Japan,2006,137.215474187347,35.5841761876056,2006/02/11
EU501939,987,Japan,2006,137.215474187347,35.5841761876056,2006/04/01
EU501942,987,China,2006,115.751455877455,33.8178483868483,2006/08/03
EU501943,987,Japan,2006,137.215474187347,35.5841761876056,2006/01/28
EU501944,987,Japan,2006,137.215474187347,35.5841761876056,2006/01/04
EU501945,987,Japan,2006,137.215474187347,35.5841761876056,2006/01/16
EU501946,987,Japan,2006,137.215474187347,35.5841761876056,2006/01/17
EU501947,987,Japan,2006,137.215474187347,35.5841761876056,2006/02/07
EU501948,987,Japan,2006,137.215474187347,35.5841761876056,2006/02/01
EU501949,987,Japan,2006,137.215474187347,35.5841761876056,2006/02/24
EU501950,987,Japan,2006,137.215474187347,35.5841761876056,2006/05/02
EU501951,987,South Korea,2006,127.515099340408,36.639213467055,2006/01/20
EU501952,987,South Korea,2006,127.515099340408,36.639213467055,2006/02/14
EU501953,987,South Korea,2006,127.515099340408,36.639213467055,2006/03/08
EU501954,987,South Korea,2006,127.515099340408,36.639213467055,2006/03/10
EU501955,987,China,2006,115.751455877455,33.8178483868483,2006/06/29
EU501956,987,China,2006,115.751455877455,33.8178483868483,2006/06/28
EU501958,987,Japan,2006,137.215474187347,35.5841761876056,2006/03/06
EU501959,987,Russia,2006,20.5,54.71,2006/02/28
EU501960,987,Russia,2006,20.5,54.71,2006/03/10
EU501961,987,Japan,2006,137.215474187347,35.5841761876056,2006/01/16
EU501962,987,Japan,2006,137.215474187347,35.5841761876056,2006/01/19
EU501963,987,Japan,2006,137.215474187347,35.5841761876056,2006/01/18
EU501964,987,Japan,2006,137.215474187347,35.5841761876056,2006/05/09
EU501965,987,Japan,2006,137.215474187347,35.5841761876056,2006/01/31
EU501966,987,USA,2006,-85.74,38.22,2006/04/02
EU501967,987,Mongolia,2006,105.750146079237,47.7937367925039,2006/01/10
EU501968,987,Mongolia,2006,105.750146079237,47.7937367925039,2006/01/06
EU501969,987,Japan,2006,137.215474187347,35.5841761876056,2006/01/20
EU501970,987,Japan,2006,137.215474187347,35.5841761876056,2006/01/24
EU501971,987,Japan,2006,137.215474187347,35.5841761876056,2006/01/06
EU501972,987,Japan,2006,137.215474187347,35.5841761876056,2006/01/21
EU501973,987,Japan,2006,137.215474187347,35.5841761876056,2006/01/16
EU501974,987,Japan,2006,137.215474187347,35.5841761876056,2006/01/13
EU501975,987,Japan,2006,137.215474187347,35.5841761876056,2006/01/26
EU501976,987,Japan,2006,137.215474187347,35.5841761876056,2006/01/26
EU501977,987,Japan,2006,137.215474187347,35.5841761876056,2006/02/03
EU501978,987,Japan,2006,137.215474187347,35.5841761876056,2006/01/04
EU501979,987,Japan,2006,137.215474187347,35.5841761876056,2006/01/18
EU501980,987,Japan,2006,137.215474187347,35.5841761876056,2006/01/26
EU501981,987,Japan,2006,137.215474187347,35.5841761876056,2006/02/16
EU501982,987,Japan,2006,137.215474187347,35.5841761876056,2006/04/08
EU501983,987,France,2006,2.81490078363661,47.2569278333929,2006/02/27
EU501986,987,USA,2006,-90.01,35.11,2006/03/01
EU501987,987,Japan,2006,137.215474187347,35.5841761876056,2006/03/23
EU501988,987,Russia,2006,37.62,55.75,2006/01/25
EU501989,987,Russia,2006,37.62,55.75,2006/02/18
EU501990,987,Japan,2006,137.215474187347,35.5841761876056,2006/01/05
EU501991,987,Japan,2006,137.215474187347,35.5841761876056,2006/02/02
EU501992,987,Japan,2006,137.215474187347,35.5841761876056,2006/04/14
EU501993,987,Japan,2006,137.215474187347,35.5841761876056,2006/04/26
EU501994,987,Japan,2006,137.215474187347,35.5841761876056,2006/01/19
EU501995,987,Japan,2006,137.215474187347,35.5841761876056,2006/01/23
EU501996,987,Japan,2006,137.215474187347,35.5841761876056,2006/01/23
EU501997,987,Japan,2006,137.215474187347,35.5841761876056,2006/01/30
EU501998,987,Japan,2006,137.215474187347,35.5841761876056,2006/01/23
EU501999,987,Japan,2006,137.215474187347,35.5841761876056,2006/02/08
EU502000,987,Japan,2006,137.215474187347,35.5841761876056,2006/02/17
EU502001,987,Japan,2006,137.215474187347,35.5841761876056,2006/02/16
EU502002,987,Japan,2006,137.215474187347,35.5841761876056,2006/01/16
EU502003,987,Nepal,2006,84.837908027285,27.5806936674758,2006/07/11
EU502005,987,Japan,2006,137.215474187347,35.5841761876056,2006/01/19
EU502006,987,Japan,2006,137.215474187347,35.5841761876056,2006/01/31
EU502007,987,Japan,2006,137.215474187347,35.5841761876056,2006/02/10
EU502008,987,Japan,2006,137.215474187347,35.5841761876056,2006/03/15
EU502009,987,Japan,2006,137.215474187347,35.5841761876056,2006/01/11
EU502010,987,Japan,2006,137.215474187347,35.5841761876056,2006/01/10
EU502011,987,Japan,2006,137.215474187347,35.5841761876056,2006/01/30
EU502012,987,Japan,2006,137.215474187347,35.5841761876056,2006/02/02
EU502013,987,Japan,2006,137.215474187347,35.5841761876056,2006/01/30
EU502014,987,Japan,2006,137.215474187347,35.5841761876056,2006/02/06
EU502015,987,Japan,2006,137.215474187347,35.5841761876056,2006/03/04
EU502016,987,Japan,2006,137.215474187347,35.5841761876056,2006/03/14
EU502017,987,Japan,2006,137.215474187347,35.5841761876056,2006/04/16
EU502018,987,Japan,2006,137.215474187347,35.5841761876056,2006/01/07
EU502019,987,Japan,2006,137.215474187347,35.5841761876056,2006/01/13
EU502020,987,Japan,2006,137.215474187347,35.5841761876056,2006/01/10
EU502021,987,Japan,2006,137.215474187347,35.5841761876056,2006/01/29
EU502022,987,Japan,2006,137.215474187347,35.5841761876056,2006/03/15
EU502023,987,Japan,2006,137.215474187347,35.5841761876056,2006/01/18
EU502024,987,Japan,2006,137.215474187347,35.5841761876056,2006/03/14
EU502025,987,Japan,2006,137.215474187347,35.5841761876056,2006/02/10
EU502026,987,Japan,2006,137.215474187347,35.5841761876056,2006/01/11
EU502027,987,Japan,2006,137.215474187347,35.5841761876056,2006/02/16
EU502031,987,Japan,2006,137.215474187347,35.5841761876056,2006/01/07
EU502032,987,Japan,2006,137.215474187347,35.5841761876056,2006/01/11
EU502033,987,Japan,2006,137.215474187347,35.5841761876056,2006/01/26
EU502034,987,Japan,2006,137.215474187347,35.5841761876056,2006/01/26
EU502037,987,Japan,2006,137.215474187347,35.5841761876056,2006/01/11
EU502038,987,Japan,2006,137.215474187347,35.5841761876056,2006/02/21
EU502039,987,Japan,2006,137.215474187347,35.5841761876056,2006/03/10
EU502040,987,Japan,2006,137.215474187347,35.5841761876056,2006/05/26
EU502042,987,Japan,2006,137.215474187347,35.5841761876056,2006/02/03
EU502043,987,Japan,2006,137.215474187347,35.5841761876056,2006/01/28
EU502044,987,Japan,2006,137.215474187347,35.5841761876056,2006/02/11
EU502045,987,Japan,2006,137.215474187347,35.5841761876056,2006/02/26
EU502046,987,Japan,2006,137.215474187347,35.5841761876056,2006/02/15
EU502047,987,Japan,2006,137.215474187347,35.5841761876056,2006/01/16
EU502048,987,Japan,2006,137.215474187347,35.5841761876056,2006/02/20
EU502054,987,Russia,2006,30.32,59.93,2006/02/21
EU502055,987,Russia,2006,30.32,59.93,2006/02/17
EU502058,987,Taiwan,2006,120.967443330781,24.2464318735026,2006/01/21
EU502059,987,Taiwan,2006,120.967443330781,24.2464318735026,2006/02/04
EU502060,987,Taiwan,2006,120.967443330781,24.2464318735026,2006/02/12
EU502061,987,Taiwan,2006,120.967443330781,24.2464318735026,2006/09/17
EU502062,987,Taiwan,2006,120.967443330781,24.2464318735026,2006/09/06
EU502072,987,Japan,2006,137.215474187347,35.5841761876056,2006/01/04
EU502073,987,Japan,2006,137.215474187347,35.5841761876056,2006/02/02
EU502074,987,Japan,2006,137.215474187347,35.5841761876056,2006/02/06
EU502075,987,Japan,2006,137.215474187347,35.5841761876056,2006/01/20
EU502076,987,Japan,2006,137.215474187347,35.5841761876056,2006/02/06
EU502077,987,Japan,2006,137.215474187347,35.5841761876056,2006/01/16
EU502078,987,Ukraine,2006,32.5143767708591,48.7327230909637,2006/03/20
EU502085,987,Japan,2006,137.215474187347,35.5841761876056,2006/01/11
EU502086,987,Japan,2006,137.215474187347,35.5841761876056,2006/01/26
EU502090,987,USA,2006,-85.7,42.89,2006/01/23
EU502091,987,Japan,2006,137.215474187347,35.5841761876056,2006/01/10
EU502092,987,Japan,2006,137.215474187347,35.5841761876056,2006/01/31
EU502093,987,Japan,2006,137.215474187347,35.5841761876056,2006/02/10
EU502094,987,Japan,2006,137.215474187347,35.5841761876056,2006/01/10
EU502095,987,Japan,2006,137.215474187347,35.5841761876056,2006/01/13
EU502096,987,Japan,2006,137.215474187347,35.5841761876056,2006/01/28
EU502097,987,Japan,2006,137.215474187347,35.5841761876056,2006/01/27
EU502098,987,Japan,2006,137.215474187347,35.5841761876056,2006/02/18
EU502099,987,Croatia,2006,16.4146948767736,45.2049006844606,2006/04/15
EU502132,987,USA,2006,-112.07,33.54,2006/01/11
EU502133,987,USA,2006,-112.07,33.54,2006/02/22
EU502134,987,USA,2006,-112.07,33.54,2006/03/02
EU502167,987,Canada,2006,-88.0425788603422,46.6123146954127,2006/02/21
EU502168,987,Canada,2006,-88.0425788603422,46.6123146954127,2006/03/27
EU502175,987,USA,2006,-73.2,41.19,2006/09/27
EU502194,987,USA,2006,-84.42,33.76,2006/01/02
EU502195,987,USA,2006,-84.42,33.76,2006/01/18
EU502196,987,USA,2006,-84.42,33.76,2006/01/23
EU502197,987,USA,2006,-84.42,33.76,2006/01/24
EU502236,987,USA,2006,-76.61,39.3,2006/08/21
EU502242,987,USA,2006,-93.27,44.96,2006/03/13
EU502249,987,USA,2006,-90.24,38.64,2006/01/03
EU502250,987,USA,2006,-90.24,38.64,2006/02/24
EU502251,987,USA,2006,-90.24,38.64,2006/02/03
EU502271,987,USA,2006,-80.83,35.2,2006/03/09
EU502272,987,USA,2006,-80.83,35.2,2006/02/08
EU502273,987,USA,2006,-80.83,35.2,2006/02/21
EU502277,987,USA,2006,-96.01,41.26,2006/01/16
EU502280,987,USA,2006,-96.01,41.26,2006/04/01
EU502287,987,USA,2006,-71.44,42.98,2006/03/06
EU502292,987,USA,2006,-74.76,40.22,2006/01/21
EU502295,987,Nepal,2006,84.837908027285,27.5806936674758,2006/07/10
EU502296,987,Nepal,2006,84.837908027285,27.5806936674758,2006/07/10
EU502297,987,Nepal,2006,84.837908027285,27.5806936674758,2006/07/10
EU502311,987,USA,2006,-73.94,40.67,2006/01/01
EU502312,987,USA,2006,-73.94,40.67,2006/01/26
EU502314,987,USA,2006,-73.94,40.67,2006/04/17
EU502317,987,USA,2006,-81.68,41.48,2006/01/26
EU502322,987,USA,2006,-122.66,45.54,2006/02/06
EU502324,987,France,2006,2.81490078363661,47.2569278333929,2006/03/12
EU502331,987,USA,2006,-71.42,41.82,2006/03/06
EU502347,987,USA,2006,-90.01,35.11,2006/03/07
EU502379,987,Ukraine,2006,32.5143767708591,48.7327230909637,2006/04/07
EU502381,987,Ukraine,2006,32.5143767708591,48.7327230909637,2006/04/20
EU502391,987,USA,2006,-76.04,36.74,2006/01/30
EU502420,987,USA,2006,-87.97,43.06,2006/03/29
EU502421,987,USA,2006,-87.97,43.06,2006/04/07
EU502434,987,USA,2006,-85.7,42.89,2006/02/09
EU502516,987,Norway,2006,9.85276744477849,60.9600065235272,2006/02/16
EU502517,987,Norway,2006,9.85276744477849,60.9600065235272,2006/02/27
EU502519,987,Norway,2006,9.85276744477849,60.9600065235272,2006/02/22
EU502539,987,Japan,2006,137.215474187347,35.5841761876056,2006/10/21
EU502540,987,Japan,2006,137.215474187347,35.5841761876056,2006/12/15
EU502541,987,Bangladesh,2006,90.4113608365672,23.563298204673,2006/10/21
EU502542,987,South Korea,2006,127.515099340408,36.639213467055,2006/11/14
EU502543,987,South Korea,2006,127.515099340408,36.639213467055,2006/11/17
EU502544,987,South Korea,2006,127.515099340408,36.639213467055,2006/11/20
EU502545,987,South Korea,2006,127.515099340408,36.639213467055,2006/11/27
EU502546,987,USA,2006,-73.94,40.67,2006/11/29
EU502548,987,Algeria,2006,3.60475165542409,35.5406441699065,2006/11/05
EU502549,987,Sweden,2006,15.768795481182,58.8116566154526,2006/11/15
EU502550,987,Sweden,2006,15.768795481182,58.8116566154526,2006/11/15
EU502553,987,South Korea,2006,127.515099340408,36.639213467055,2006/11/29
EU502554,987,South Korea,2006,127.515099340408,36.639213467055,2006/12/02
EU502555,987,South Korea,2006,127.515099340408,36.639213467055,2006/12/06
EU502557,987,South Korea,2006,127.515099340408,36.639213467055,2006/11/29
EU502558,987,Canada,2006,-88.0425788603422,46.6123146954127,2006/12/17
EU502559,987,Canada,2006,-88.0425788603422,46.6123146954127,2006/11/24
EU502560,987,Canada,2006,-88.0425788603422,46.6123146954127,2006/11/29
EU502561,987,Canada,2006,-88.0425788603422,46.6123146954127,2006/11/28
EU502562,987,France,2006,2.81490078363661,47.2569278333929,2006/11/22
EU502563,987,South Korea,2006,127.515099340408,36.639213467055,2006/11/22
EU502564,987,South Korea,2006,127.515099340408,36.639213467055,2006/11/22
EU502565,987,South Korea,2006,127.515099340408,36.639213467055,2006/12/04
EU502566,987,South Korea,2006,127.515099340408,36.639213467055,2006/12/07
EU502567,987,South Korea,2006,127.515099340408,36.639213467055,2006/12/07
EU502568,987,South Korea,2006,127.515099340408,36.639213467055,2006/12/11
EU502569,987,South Korea,2006,127.515099340408,36.639213467055,2006/12/11
EU502570,987,Japan,2006,137.215474187347,35.5841761876056,2006/11/22
EU502571,987,Japan,2006,137.215474187347,35.5841761876056,2006/12/07
EU502572,987,Japan,2006,137.215474187347,35.5841761876056,2006/12/11
EU502573,987,USA,2006,-104.87,39.77,2006/12/08
EU502574,987,France,2006,2.81490078363661,47.2569278333929,2006/12/20
EU502575,987,France,2006,2.81490078363661,47.2569278333929,2006/12/22
EU502576,987,France,2006,2.81490078363661,47.2569278333929,2006/12/27
EU502577,987,Norway,2006,9.85276744477849,60.9600065235272,2006/12/01
EU502579,987,USA,2006,-77.02,38.91,2006/12/19
EU502580,987,USA,2006,-77.02,38.91,2006/12/18
EU502581,987,Japan,2006,137.215474187347,35.5841761876056,2006/12/12
EU502582,987,France,2006,2.81490078363661,47.2569278333929,2006/12/30
EU502583,987,France,2006,2.81490078363661,47.2569278333929,2006/12/25
EU502584,987,USA,2006,-87.97,43.06,2006/12/16
EU502585,987,USA,2006,-87.97,43.06,2006/12/16
EU502586,987,USA,2006,-87.97,43.06,2006/12/27
EU502587,987,Sweden,2006,15.768795481182,58.8116566154526,2006/12/05
EU502588,987,Sweden,2006,15.768795481182,58.8116566154526,2006/12/08
EU502589,987,Canada,2006,-88.0425788603422,46.6123146954127,2006/12/29
EU502591,987,South Korea,2006,127.515099340408,36.639213467055,2006/12/25
EU502592,987,South Korea,2006,127.515099340408,36.639213467055,2006/12/25
EU502593,987,South Korea,2006,127.515099340408,36.639213467055,2006/12/14
EU502594,987,China,2006,115.751455877455,33.8178483868483,2006/12/11
EU502595,987,China,2006,115.751455877455,33.8178483868483,2006/12/11
EU502596,987,China,2006,115.751455877455,33.8178483868483,2006/12/11
EU502597,987,China,2006,115.751455877455,33.8178483868483,2006/12/25
EU502598,987,Japan,2006,137.215474187347,35.5841761876056,2006/12/14
EU502599,987,China,2006,115.751455877455,33.8178483868483,2006/12/08
EU502600,987,China,2006,115.751455877455,33.8178483868483,2006/12/08
EU502601,987,China,2006,115.751455877455,33.8178483868483,2006/12/07
EU502602,987,USA,2006,-87.97,43.06,2006/12/27
EU502603,987,Japan,2006,137.215474187347,35.5841761876056,2006/12/26
EU502604,987,Japan,2006,137.215474187347,35.5841761876056,2006/12/14
EU502605,987,Japan,2006,137.215474187347,35.5841761876056,2006/12/11
EU502606,987,China,2006,115.751455877455,33.8178483868483,2006/12/26
EU502608,987,South Korea,2006,127.515099340408,36.639213467055,2006/12/11
EU502609,987,France,2006,2.81490078363661,47.2569278333929,2006/12/18
EU502610,987,France,2006,2.81490078363661,47.2569278333929,2006/12/20
EU502611,987,France,2006,2.81490078363661,47.2569278333929,2006/12/06
EU502612,987,Canada,2006,-88.0425788603422,46.6123146954127,2006/12/28
EU502613,987,Canada,2006,-88.0425788603422,46.6123146954127,2006/12/19
EU502614,987,Canada,2006,-88.0425788603422,46.6123146954127,2006/12/19
EU502615,987,Canada,2006,-88.0425788603422,46.6123146954127,2006/12/21
EU502616,987,Canada,2006,-88.0425788603422,46.6123146954127,2006/12/19
EU502617,987,Canada,2006,-88.0425788603422,46.6123146954127,2006/12/11
EU502618,987,Canada,2006,-88.0425788603422,46.6123146954127,2006/12/06
EU516029,1701,USA,2006,-81.68,41.48,2006/03/01
EU516031,1701,USA,2006,-81.68,41.48,2006/04/03
EU516100,1000,USA,2006,-118.41,34.11,2006/12/08
FJ225998,987,China,2006,115.751455877455,33.8178483868483,2006/04/03
FJ226002,987,China,2006,115.751455877455,33.8178483868483,2006/08/15
FJ226003,987,China,2006,115.751455877455,33.8178483868483,2006/09/06
